is_watertight,is_winding_consistent,euler_number,triangle_count,vertex_count,surface_area,volume,sa_v_ratio,sphericity,aspect_ratio,avg_edge_length,score
1,1,2,12,8,0.24,0.008,30.0,0.805996,1.0,0.227614,0.9309389271044254
1,1,2,12,8,0.48,0.02,24.0,0.742329,2.5,0.351097,0.8724957444663494
1,1,2,12,8,0.88,0.04,22.0,0.642749,5.0,0.569161,0.7684749353613795
1,1,2,12,8,1.68,0.08,21.0,0.534443,10.0,1.011421,0.5834612837981348
1,1,2,12,8,3.28,0.16,20.5,0.434534,20.0,1.899204,0.5430010091781836
1,1,2,12,8,6.48,0.32,20.25,0.349148,40.0,3.676427,0.4896661786444039
1,1,2,12,8,12.88,0.64,20.125,0.27884,80.0,7.231705,0.4634575499406625
1,1,2,12,8,25.68,1.28,20.0625,0.222005,160.0,14.342677,0.4157344292013099
1,1,2,12,8,0.48,0.02,24.0,0.742329,2.5,0.351097,0.869102931251172
1,1,2,12,8,0.9,0.05,18.0,0.72927,2.5,0.464904,0.8503017814825173
1,1,2,12,8,1.6,0.1,16.0,0.651175,5.0,0.67515,0.7674415368654103
1,1,2,12,8,3.0,0.2,15.0,0.551293,10.0,1.112227,0.5990441029054319
1,1,2,12,8,5.8,0.4,14.5,0.45265,20.0,1.997182,0.5337741600068485
1,1,2,12,8,11.4,0.8,14.25,0.365572,40.0,3.772958,0.4955429863408046
1,1,2,12,8,22.6,1.6,14.125,0.292722,80.0,7.327509,0.4788878795995684
1,1,2,12,8,45.0,3.2,14.0625,0.233366,160.0,14.438116,0.4403631582462772
1,1,2,12,8,0.88,0.04,22.0,0.642749,5.0,0.569161,0.7352716605664187
1,1,2,12,8,1.6,0.1,16.0,0.651175,5.0,0.67515,0.7690041880295114
1,1,2,12,8,2.8,0.2,14.0,0.590672,5.0,0.872647,0.7241335572067139
1,1,2,12,8,5.2,0.4,13.0,0.504879,10.0,1.296205,0.5570877350270703
1,1,2,12,8,10.0,0.8,12.5,0.416752,20.0,2.17199,0.5013670565055586
1,1,2,12,8,19.6,1.6,12.25,0.337527,40.0,3.942729,0.48926063716486157
1,1,2,12,8,38.8,3.2,12.125,0.270657,80.0,7.494697,0.45681496495048174
1,1,2,12,8,77.2,6.4,12.0625,0.215934,160.0,14.604006,0.40438317762107184
1,1,2,12,8,1.68,0.08,21.0,0.534443,10.0,1.011421,0.5830224138152527
1,1,2,12,8,3.0,0.2,15.0,0.551293,10.0,1.112227,0.6130558657829841
1,1,2,12,8,5.2,0.4,13.0,0.504879,10.0,1.296205,0.5701822276033018
1,1,2,12,8,9.6,0.8,12.0,0.434116,10.0,1.694264,0.5461644209878543
1,1,2,12,8,18.4,1.6,11.5,0.359539,20.0,2.543012,0.5094605655218829
1,1,2,12,8,36.0,3.2,11.25,0.291708,40.0,4.29541,0.4786155217475095
1,1,2,12,8,71.2,6.4,11.125,0.23413,80.0,7.837305,0.4589783486280889
1,1,2,12,8,141.6,12.8,11.0625,0.186879,160.0,14.941449,0.38316335598762247
1,1,2,12,8,3.28,0.16,20.5,0.434534,20.0,1.899204,0.5498163812103354
1,1,2,12,8,5.8,0.4,14.5,0.45265,20.0,1.997182,0.5406061178883108
1,1,2,12,8,10.0,0.8,12.5,0.416752,20.0,2.17199,0.5536228527280598
1,1,2,12,8,18.4,1.6,11.5,0.359539,20.0,2.543012,0.4820808035003614
1,1,2,12,8,35.2,3.2,11.0,0.298338,20.0,3.340761,0.4428833143095815
1,1,2,12,8,68.8,6.4,10.75,0.242298,40.0,5.039085,0.44702729226814364
1,1,2,12,8,136.0,12.8,10.625,0.194574,80.0,8.544297,0.4236990847271823
1,1,2,12,8,270.4,25.6,10.5625,0.155347,160.0,15.628295,0.42194393288262316
1,1,2,12,8,6.48,0.32,20.25,0.349148,40.0,3.676427,0.5057829790177014
1,1,2,12,8,11.4,0.8,14.25,0.365572,40.0,3.772958,0.4949192777546124
1,1,2,12,8,19.6,1.6,12.25,0.337527,40.0,3.942729,0.48140003078731686
1,1,2,12,8,36.0,3.2,11.25,0.291708,40.0,4.29541,0.47452398016718333
1,1,2,12,8,68.8,6.4,10.75,0.242298,40.0,5.039085,0.4430740854318785
1,1,2,12,8,134.4,12.8,10.5,0.196891,40.0,6.635412,0.42365648184667776
1,1,2,12,8,265.6,25.6,10.375,0.158155,80.0,10.032477,0.42881899069880236
1,1,2,12,8,528.0,51.2,10.3125,0.126288,160.0,17.043108,0.41941203346497713
1,1,2,12,8,12.88,0.64,20.125,0.27884,80.0,7.231705,0.4777954517245774
1,1,2,12,8,22.6,1.6,14.125,0.292722,80.0,7.327509,0.46456543788877874
1,1,2,12,8,38.8,3.2,12.125,0.270657,80.0,7.494697,0.42616591218060673
1,1,2,12,8,71.2,6.4,11.125,0.23413,80.0,7.837305,0.4414289910174205
1,1,2,12,8,136.0,12.8,10.625,0.194574,80.0,8.544297,0.41645996948338404
1,1,2,12,8,265.6,25.6,10.375,0.158155,80.0,10.032477,0.41131609133351427
1,1,2,12,8,524.8,51.2,10.25,0.127058,80.0,13.225546,0.39075702274268037
1,1,2,12,8,1043.2,102.4,10.1875,0.101465,160.0,20.019885,0.3902749262309049
1,1,2,12,8,25.68,1.28,20.0625,0.222005,160.0,14.342677,0.42321279653949356
1,1,2,12,8,45.0,3.2,14.0625,0.233366,160.0,14.438116,0.4241357847487775
1,1,2,12,8,77.2,6.4,12.0625,0.215934,160.0,14.604006,0.45471379530472794
1,1,2,12,8,141.6,12.8,11.0625,0.186879,160.0,14.941449,0.4102067959379132
1,1,2,12,8,270.4,25.6,10.5625,0.155347,160.0,15.628295,0.41214394750724614
1,1,2,12,8,528.0,51.2,10.3125,0.126288,160.0,17.043108,0.41483308831046606
1,1,2,12,8,1043.2,102.4,10.1875,0.101465,160.0,20.019885,0.4043005859563325
1,1,2,12,8,2073.6,204.8,10.125,0.08103,160.0,26.406232,0.39433471831663075
1,1,2,12,8,0.48,0.02,24.0,0.742329,2.5,0.351097,0.8639744544251001
1,1,2,12,8,0.9,0.05,18.0,0.72927,2.5,0.464904,0.8650680068141563
1,1,2,12,8,1.6,0.1,16.0,0.651175,5.0,0.67515,0.7810661759229948
1,1,2,12,8,3.0,0.2,15.0,0.551293,10.0,1.112227,0.6018927363182932
1,1,2,12,8,5.8,0.4,14.5,0.45265,20.0,1.997182,0.503502076154679
1,1,2,12,8,11.4,0.8,14.25,0.365572,40.0,3.772958,0.4883006918355534
1,1,2,12,8,22.6,1.6,14.125,0.292722,80.0,7.327509,0.47753443465549295
1,1,2,12,8,45.0,3.2,14.0625,0.233366,160.0,14.438116,0.4339401072939121
1,1,2,12,8,0.9,0.05,18.0,0.72927,2.5,0.464904,0.8785095492779832
1,1,2,12,8,1.5,0.125,12.0,0.805996,1.0,0.569036,0.9214506933807975
1,1,2,12,8,2.5,0.25,10.0,0.767663,2.0,0.771464,0.8833440583987936
1,1,2,12,8,4.5,0.5,9.0,0.676994,4.0,1.203357,0.8126688423337287
1,1,2,12,8,8.5,1.0,8.5,0.568938,8.0,2.085485,0.6498325862250387
1,1,2,12,8,16.5,2.0,8.25,0.46525,16.0,3.859814,0.5387443536137423
1,1,2,12,8,32.5,4.0,8.125,0.374951,32.0,7.413636,0.5134671054385604
1,1,2,12,8,64.5,8.0,8.0625,0.299905,64.0,14.52388,0.4478781326893018
1,1,2,12,8,1.6,0.1,16.0,0.651175,5.0,0.67515,0.7561903814980891
1,1,2,12,8,2.5,0.25,10.0,0.767663,2.0,0.771464,0.8945026262590889
1,1,2,12,8,4.0,0.5,8.0,0.761618,2.0,0.961142,0.8806313914941168
1,1,2,12,8,7.0,1.0,7.0,0.690854,4.0,1.379517,0.8233514850125572
1,1,2,12,8,13.0,2.0,6.5,0.59051,8.0,2.252474,0.6375652471875055
1,1,2,12,8,25.0,4.0,6.25,0.487436,16.0,4.021767,0.5196243026129538
1,1,2,12,8,49.0,8.0,6.125,0.394774,32.0,7.573007,0.519454713652995
1,1,2,12,8,97.0,16.0,6.0625,0.316562,64.0,14.681951,0.48961198526663174
1,1,2,12,8,3.0,0.2,15.0,0.551293,10.0,1.112227,0.5926186473058851
1,1,2,12,8,4.5,0.5,9.0,0.676994,4.0,1.203357,0.8018035953508885
1,1,2,12,8,7.0,1.0,7.0,0.690854,4.0,1.379517,0.8125195824958661
1,1,2,12,8,12.0,2.0,6.0,0.639719,4.0,1.772393,0.7686798242692257
1,1,2,12,8,22.0,4.0,5.5,0.553904,8.0,2.618313,0.6359590120244262
1,1,2,12,8,42.0,8.0,5.25,0.460569,16.0,4.369264,0.5370735445755761
1,1,2,12,8,82.0,16.0,5.125,0.37447,32.0,7.910431,0.5133492987049435
1,1,2,12,8,162.0,32.0,5.0625,0.300886,64.0,15.014211,0.45286517026027584
1,1,2,12,8,5.8,0.4,14.5,0.45265,20.0,1.997182,0.5280908968778665
1,1,2,12,8,8.5,1.0,8.5,0.568938,8.0,2.085485,0.6489117852091115
1,1,2,12,8,13.0,2.0,6.5,0.59051,8.0,2.252474,0.6674734841359508
1,1,2,12,8,22.0,4.0,5.5,0.553904,8.0,2.618313,0.6464312621000331
1,1,2,12,8,40.0,8.0,5.0,0.483598,8.0,3.413235,0.6102507807249334
1,1,2,12,8,76.0,16.0,4.75,0.404033,16.0,5.110112,0.5303418166210464
1,1,2,12,8,148.0,32.0,4.625,0.329349,32.0,8.614596,0.47365054935146195
1,1,2,12,8,292.0,64.0,4.5625,0.264985,64.0,15.69823,0.4516125460516516
1,1,2,12,8,11.4,0.8,14.25,0.365572,40.0,3.772958,0.47235622538901056
1,1,2,12,8,16.5,2.0,8.25,0.46525,16.0,3.859814,0.525395809925131
1,1,2,12,8,25.0,4.0,6.25,0.487436,16.0,4.021767,0.5527154702772316
1,1,2,12,8,42.0,8.0,5.25,0.460569,16.0,4.369264,0.5390366812329195
1,1,2,12,8,76.0,16.0,4.75,0.404033,16.0,5.110112,0.5206060847606717
1,1,2,12,8,144.0,32.0,4.5,0.338497,16.0,6.704992,0.4936635739642864
1,1,2,12,8,280.0,64.0,4.375,0.276341,32.0,10.101329,0.4918523016769853
1,1,2,12,8,552.0,128.0,4.3125,0.222511,64.0,17.111596,0.4277865601472536
1,1,2,12,8,22.6,1.6,14.125,0.292722,80.0,7.327509,0.44279752742813977
1,1,2,12,8,32.5,4.0,8.125,0.374951,32.0,7.413636,0.4842219582375009
1,1,2,12,8,49.0,8.0,6.125,0.394774,32.0,7.573007,0.4973546383661804
1,1,2,12,8,82.0,16.0,5.125,0.37447,32.0,7.910431,0.4851730602572841
1,1,2,12,8,148.0,32.0,4.625,0.329349,32.0,8.614596,0.48314432429044707
1,1,2,12,8,280.0,64.0,4.375,0.276341,32.0,10.101329,0.4793264147159133
1,1,2,12,8,544.0,128.0,4.25,0.225783,32.0,13.293671,0.46340821751466704
1,1,2,12,8,1072.0,256.0,4.1875,0.181879,64.0,20.087645,0.43031624287551473
1,1,2,12,8,45.0,3.2,14.0625,0.233366,160.0,14.438116,0.4754656295313634
1,1,2,12,8,64.5,8.0,8.0625,0.299905,64.0,14.52388,0.4646165960783108
1,1,2,12,8,97.0,16.0,6.0625,0.316562,64.0,14.681951,0.4521370914126037
1,1,2,12,8,162.0,32.0,5.0625,0.300886,64.0,15.014211,0.4861521951739681
1,1,2,12,8,292.0,64.0,4.5625,0.264985,64.0,15.69823,0.42841507562073744
1,1,2,12,8,552.0,128.0,4.3125,0.222511,64.0,17.111596,0.42767939721846016
1,1,2,12,8,1072.0,256.0,4.1875,0.181879,64.0,20.087645,0.43055329883415766
1,1,2,12,8,2112.0,512.0,4.125,0.146545,64.0,26.473627,0.4070821670362309
1,1,2,12,8,0.88,0.04,22.0,0.642749,5.0,0.569161,0.7542353304151409
1,1,2,12,8,1.6,0.1,16.0,0.651175,5.0,0.67515,0.7427580034416024
1,1,2,12,8,2.8,0.2,14.0,0.590672,5.0,0.872647,0.7361066042388884
1,1,2,12,8,5.2,0.4,13.0,0.504879,10.0,1.296205,0.5920065999983694
1,1,2,12,8,10.0,0.8,12.5,0.416752,20.0,2.17199,0.5170002252657377
1,1,2,12,8,19.6,1.6,12.25,0.337527,40.0,3.942729,0.47255726327989184
1,1,2,12,8,38.8,3.2,12.125,0.270657,80.0,7.494697,0.43954967008794454
1,1,2,12,8,77.2,6.4,12.0625,0.215934,160.0,14.604006,0.4242295043218309
1,1,2,12,8,1.6,0.1,16.0,0.651175,5.0,0.67515,0.7663548602201178
1,1,2,12,8,2.5,0.25,10.0,0.767663,2.0,0.771464,0.8872193607637977
1,1,2,12,8,4.0,0.5,8.0,0.761618,2.0,0.961142,0.8676397827600428
1,1,2,12,8,7.0,1.0,7.0,0.690854,4.0,1.379517,0.7681800865016641
1,1,2,12,8,13.0,2.0,6.5,0.59051,8.0,2.252474,0.6675042890153917
1,1,2,12,8,25.0,4.0,6.25,0.487436,16.0,4.021767,0.5315087181475171
1,1,2,12,8,49.0,8.0,6.125,0.394774,32.0,7.573007,0.5182453530888835
1,1,2,12,8,97.0,16.0,6.0625,0.316562,64.0,14.681951,0.4652832324107239
1,1,2,12,8,2.8,0.2,14.0,0.590672,5.0,0.872647,0.7214501332753414
1,1,2,12,8,4.0,0.5,8.0,0.761618,2.0,0.961142,0.8819449678778717
1,1,2,12,8,6.0,1.0,6.0,0.805996,1.0,1.138071,0.9577638792536896
1,1,2,12,8,10.0,2.0,5.0,0.767663,2.0,1.542928,0.8933007766951507
1,1,2,12,8,18.0,4.0,4.5,0.676994,4.0,2.406714,0.7978409688382904
1,1,2,12,8,34.0,8.0,4.25,0.568938,8.0,4.17097,0.6579581077303926
1,1,2,12,8,66.0,16.0,4.125,0.46525,16.0,7.719628,0.5098334601555355
1,1,2,12,8,130.0,32.0,4.0625,0.374951,32.0,14.827273,0.4831451476172854
1,1,2,12,8,5.2,0.4,13.0,0.504879,10.0,1.296205,0.5392877296915954
1,1,2,12,8,7.0,1.0,7.0,0.690854,4.0,1.379517,0.8272895862500443
1,1,2,12,8,10.0,2.0,5.0,0.767663,2.0,1.542928,0.9049761172657383
1,1,2,12,8,16.0,4.0,4.0,0.761618,2.0,1.922285,0.8855396671622016
1,1,2,12,8,28.0,8.0,3.5,0.690854,4.0,2.759034,0.8033682043776581
1,1,2,12,8,52.0,16.0,3.25,0.59051,8.0,4.504949,0.6379302475228456
1,1,2,12,8,100.0,32.0,3.125,0.487436,16.0,8.043534,0.5416848297283855
1,1,2,12,8,196.0,64.0,3.0625,0.394774,32.0,15.146014,0.5347952940797126
1,1,2,12,8,10.0,0.8,12.5,0.416752,20.0,2.17199,0.5186719464906332
1,1,2,12,8,13.0,2.0,6.5,0.59051,8.0,2.252474,0.6527344005671308
1,1,2,12,8,18.0,4.0,4.5,0.676994,4.0,2.406714,0.7694266194501485
1,1,2,12,8,28.0,8.0,3.5,0.690854,4.0,2.759034,0.822046063747357
1,1,2,12,8,48.0,16.0,3.0,0.639719,4.0,3.544785,0.7798365153415869
1,1,2,12,8,88.0,32.0,2.75,0.553904,8.0,5.236626,0.6202107298497233
1,1,2,12,8,168.0,64.0,2.625,0.460569,16.0,8.738528,0.5203636666565234
1,1,2,12,8,328.0,128.0,2.5625,0.37447,32.0,15.820862,0.48062489404616576
1,1,2,12,8,19.6,1.6,12.25,0.337527,40.0,3.942729,0.48303449858882813
1,1,2,12,8,25.0,4.0,6.25,0.487436,16.0,4.021767,0.5480844136763381
1,1,2,12,8,34.0,8.0,4.25,0.568938,8.0,4.17097,0.6450270787205002
1,1,2,12,8,52.0,16.0,3.25,0.59051,8.0,4.504949,0.6728597965076125
1,1,2,12,8,88.0,32.0,2.75,0.553904,8.0,5.236626,0.6477437712572522
1,1,2,12,8,160.0,64.0,2.5,0.483598,8.0,6.826469,0.6343737202610583
1,1,2,12,8,304.0,128.0,2.375,0.404033,16.0,10.220225,0.5062554187384746
1,1,2,12,8,592.0,256.0,2.3125,0.329349,32.0,17.229192,0.5274192954559415
1,1,2,12,8,38.8,3.2,12.125,0.270657,80.0,7.494697,0.4497954161447951
1,1,2,12,8,49.0,8.0,6.125,0.394774,32.0,7.573007,0.4943594660273162
1,1,2,12,8,66.0,16.0,4.125,0.46525,16.0,7.719628,0.5207056898263831
1,1,2,12,8,100.0,32.0,3.125,0.487436,16.0,8.043534,0.5418102182338312
1,1,2,12,8,168.0,64.0,2.625,0.460569,16.0,8.738528,0.5084346105246098
1,1,2,12,8,304.0,128.0,2.375,0.404033,16.0,10.220225,0.5160317725671025
1,1,2,12,8,576.0,256.0,2.25,0.338497,16.0,13.409984,0.45681928313162923
1,1,2,12,8,1120.0,512.0,2.1875,0.276341,32.0,20.202659,0.4629616549934164
1,1,2,12,8,77.2,6.4,12.0625,0.215934,160.0,14.604006,0.41610464690471927
1,1,2,12,8,97.0,16.0,6.0625,0.316562,64.0,14.681951,0.4709054759319387
1,1,2,12,8,130.0,32.0,4.0625,0.374951,32.0,14.827273,0.5090483591655591
1,1,2,12,8,196.0,64.0,3.0625,0.394774,32.0,15.146014,0.5424699811617996
1,1,2,12,8,328.0,128.0,2.5625,0.37447,32.0,15.820862,0.48361795649482037
1,1,2,12,8,592.0,256.0,2.3125,0.329349,32.0,17.229192,0.4794846498343784
1,1,2,12,8,1120.0,512.0,2.1875,0.276341,32.0,20.202659,0.4496802110109248
1,1,2,12,8,2176.0,1024.0,2.125,0.225783,32.0,26.587342,0.4272652765817064
1,1,2,12,8,1.68,0.08,21.0,0.534443,10.0,1.011421,0.5780526530114996
1,1,2,12,8,3.0,0.2,15.0,0.551293,10.0,1.112227,0.6078783945429167
1,1,2,12,8,5.2,0.4,13.0,0.504879,10.0,1.296205,0.5696308247038467
1,1,2,12,8,9.6,0.8,12.0,0.434116,10.0,1.694264,0.5823862597633311
1,1,2,12,8,18.4,1.6,11.5,0.359539,20.0,2.543012,0.5000553828003966
1,1,2,12,8,36.0,3.2,11.25,0.291708,40.0,4.29541,0.4515330229568304
1,1,2,12,8,71.2,6.4,11.125,0.23413,80.0,7.837305,0.43815150458113705
1,1,2,12,8,141.6,12.8,11.0625,0.186879,160.0,14.941449,0.4127239552878282
1,1,2,12,8,3.0,0.2,15.0,0.551293,10.0,1.112227,0.6075184272025633
1,1,2,12,8,4.5,0.5,9.0,0.676994,4.0,1.203357,0.7712159845017238
1,1,2,12,8,7.0,1.0,7.0,0.690854,4.0,1.379517,0.7812272071248578
1,1,2,12,8,12.0,2.0,6.0,0.639719,4.0,1.772393,0.7720145805757647
1,1,2,12,8,22.0,4.0,5.5,0.553904,8.0,2.618313,0.6568059395472405
1,1,2,12,8,42.0,8.0,5.25,0.460569,16.0,4.369264,0.5527235560099382
1,1,2,12,8,82.0,16.0,5.125,0.37447,32.0,7.910431,0.5204960971681304
1,1,2,12,8,162.0,32.0,5.0625,0.300886,64.0,15.014211,0.47830154695485855
1,1,2,12,8,5.2,0.4,13.0,0.504879,10.0,1.296205,0.5757083196219321
1,1,2,12,8,7.0,1.0,7.0,0.690854,4.0,1.379517,0.8132608650161048
1,1,2,12,8,10.0,2.0,5.0,0.767663,2.0,1.542928,0.8648978175669264
1,1,2,12,8,16.0,4.0,4.0,0.761618,2.0,1.922285,0.8519775309387345
1,1,2,12,8,28.0,8.0,3.5,0.690854,4.0,2.759034,0.8078910414966923
1,1,2,12,8,52.0,16.0,3.25,0.59051,8.0,4.504949,0.6461189213030766
1,1,2,12,8,100.0,32.0,3.125,0.487436,16.0,8.043534,0.5439947281496637
1,1,2,12,8,196.0,64.0,3.0625,0.394774,32.0,15.146014,0.5097038211417465
1,1,2,12,8,9.6,0.8,12.0,0.434116,10.0,1.694264,0.5523683626769428
1,1,2,12,8,12.0,2.0,6.0,0.639719,4.0,1.772393,0.7949546454348776
1,1,2,12,8,16.0,4.0,4.0,0.761618,2.0,1.922285,0.8921285170933538
1,1,2,12,8,24.0,8.0,3.0,0.805996,1.0,2.276142,0.9253233918108094
1,1,2,12,8,40.0,16.0,2.5,0.767663,2.0,3.085855,0.8754350976213611
1,1,2,12,8,72.0,32.0,2.25,0.676994,4.0,4.813428,0.7974141106803474
1,1,2,12,8,136.0,64.0,2.125,0.568938,8.0,8.34194,0.6436321784345542
1,1,2,12,8,264.0,128.0,2.0625,0.46525,16.0,15.439256,0.533153764247727
1,1,2,12,8,18.4,1.6,11.5,0.359539,20.0,2.543012,0.5330882953156819
1,1,2,12,8,22.0,4.0,5.5,0.553904,8.0,2.618313,0.6492945831634188
1,1,2,12,8,28.0,8.0,3.5,0.690854,4.0,2.759034,0.8080951530869582
1,1,2,12,8,40.0,16.0,2.5,0.767663,2.0,3.085855,0.8714831170929467
1,1,2,12,8,64.0,32.0,2.0,0.761618,2.0,3.84457,0.8949484905154258
1,1,2,12,8,112.0,64.0,1.75,0.690854,4.0,5.518069,0.8127455641713461
1,1,2,12,8,208.0,128.0,1.625,0.59051,8.0,9.009897,0.6727143858801355
1,1,2,12,8,400.0,256.0,1.5625,0.487436,16.0,16.087067,0.5481976978334477
1,1,2,12,8,36.0,3.2,11.25,0.291708,40.0,4.29541,0.482196034310943
1,1,2,12,8,42.0,8.0,5.25,0.460569,16.0,4.369264,0.5533029298371176
1,1,2,12,8,52.0,16.0,3.25,0.59051,8.0,4.504949,0.6654505813505487
1,1,2,12,8,72.0,32.0,2.25,0.676994,4.0,4.813428,0.7940784939651978
1,1,2,12,8,112.0,64.0,1.75,0.690854,4.0,5.518069,0.8147600426831162
1,1,2,12,8,192.0,128.0,1.5,0.639719,4.0,7.08957,0.7673258927586056
1,1,2,12,8,352.0,256.0,1.375,0.553904,8.0,10.473252,0.6357923334409358
1,1,2,12,8,672.0,512.0,1.3125,0.460569,16.0,17.477055,0.533428146744323
1,1,2,12,8,71.2,6.4,11.125,0.23413,80.0,7.837305,0.417531726286741
1,1,2,12,8,82.0,16.0,5.125,0.37447,32.0,7.910431,0.5122018934099891
1,1,2,12,8,100.0,32.0,3.125,0.487436,16.0,8.043534,0.5305306208201584
1,1,2,12,8,136.0,64.0,2.125,0.568938,8.0,8.34194,0.6455029693621518
1,1,2,12,8,208.0,128.0,1.625,0.59051,8.0,9.009897,0.6580049036251128
1,1,2,12,8,352.0,256.0,1.375,0.553904,8.0,10.473252,0.6471510399737239
1,1,2,12,8,640.0,512.0,1.25,0.483598,8.0,13.652939,0.6132842353356307
1,1,2,12,8,1216.0,1024.0,1.1875,0.404033,16.0,20.440449,0.5106027642012301
1,1,2,12,8,141.6,12.8,11.0625,0.186879,160.0,14.941449,0.4238572456525718
1,1,2,12,8,162.0,32.0,5.0625,0.300886,64.0,15.014211,0.4636490597912387
1,1,2,12,8,196.0,64.0,3.0625,0.394774,32.0,15.146014,0.49631149903907273
1,1,2,12,8,264.0,128.0,2.0625,0.46525,16.0,15.439256,0.5523223069431535
1,1,2,12,8,400.0,256.0,1.5625,0.487436,16.0,16.087067,0.5134082435981453
1,1,2,12,8,672.0,512.0,1.3125,0.460569,16.0,17.477055,0.5311419245024543
1,1,2,12,8,1216.0,1024.0,1.1875,0.404033,16.0,20.440449,0.5045798378314221
1,1,2,12,8,2304.0,2048.0,1.125,0.338497,16.0,26.819968,0.4916807119759985
1,1,2,12,8,3.28,0.16,20.5,0.434534,20.0,1.899204,0.5019991436859186
1,1,2,12,8,5.8,0.4,14.5,0.45265,20.0,1.997182,0.5235633312382378
1,1,2,12,8,10.0,0.8,12.5,0.416752,20.0,2.17199,0.5151653105078512
1,1,2,12,8,18.4,1.6,11.5,0.359539,20.0,2.543012,0.5098667981175325
1,1,2,12,8,35.2,3.2,11.0,0.298338,20.0,3.340761,0.4743178478962465
1,1,2,12,8,68.8,6.4,10.75,0.242298,40.0,5.039085,0.42916669225423315
1,1,2,12,8,136.0,12.8,10.625,0.194574,80.0,8.544297,0.42051751889272987
1,1,2,12,8,270.4,25.6,10.5625,0.155347,160.0,15.628295,0.42542974341831125
1,1,2,12,8,5.8,0.4,14.5,0.45265,20.0,1.997182,0.513048488368046
1,1,2,12,8,8.5,1.0,8.5,0.568938,8.0,2.085485,0.6513956706590925
1,1,2,12,8,13.0,2.0,6.5,0.59051,8.0,2.252474,0.6610672907724151
1,1,2,12,8,22.0,4.0,5.5,0.553904,8.0,2.618313,0.6407749917513542
1,1,2,12,8,40.0,8.0,5.0,0.483598,8.0,3.413235,0.65887531122396
1,1,2,12,8,76.0,16.0,4.75,0.404033,16.0,5.110112,0.5054223580179721
1,1,2,12,8,148.0,32.0,4.625,0.329349,32.0,8.614596,0.48848588896629125
1,1,2,12,8,292.0,64.0,4.5625,0.264985,64.0,15.69823,0.4444994746936841
1,1,2,12,8,10.0,0.8,12.5,0.416752,20.0,2.17199,0.5246169263976885
1,1,2,12,8,13.0,2.0,6.5,0.59051,8.0,2.252474,0.6742659115130883
1,1,2,12,8,18.0,4.0,4.5,0.676994,4.0,2.406714,0.7869782187990112
1,1,2,12,8,28.0,8.0,3.5,0.690854,4.0,2.759034,0.800520950603117
1,1,2,12,8,48.0,16.0,3.0,0.639719,4.0,3.544785,0.7674585758086387
1,1,2,12,8,88.0,32.0,2.75,0.553904,8.0,5.236626,0.6293956804694173
1,1,2,12,8,168.0,64.0,2.625,0.460569,16.0,8.738528,0.5497795833750997
1,1,2,12,8,328.0,128.0,2.5625,0.37447,32.0,15.820862,0.491477950118283
1,1,2,12,8,18.4,1.6,11.5,0.359539,20.0,2.543012,0.4576115090343546
1,1,2,12,8,22.0,4.0,5.5,0.553904,8.0,2.618313,0.67304207999757
1,1,2,12,8,28.0,8.0,3.5,0.690854,4.0,2.759034,0.7893100479854559
1,1,2,12,8,40.0,16.0,2.5,0.767663,2.0,3.085855,0.8783697311721816
1,1,2,12,8,64.0,32.0,2.0,0.761618,2.0,3.84457,0.9042609868513926
1,1,2,12,8,112.0,64.0,1.75,0.690854,4.0,5.518069,0.7992153464185802
1,1,2,12,8,208.0,128.0,1.625,0.59051,8.0,9.009897,0.6587540485272814
1,1,2,12,8,400.0,256.0,1.5625,0.487436,16.0,16.087067,0.5265517334638878
1,1,2,12,8,35.2,3.2,11.0,0.298338,20.0,3.340761,0.44481256789990165
1,1,2,12,8,40.0,8.0,5.0,0.483598,8.0,3.413235,0.6159432405130344
1,1,2,12,8,48.0,16.0,3.0,0.639719,4.0,3.544785,0.7863299189681252
1,1,2,12,8,64.0,32.0,2.0,0.761618,2.0,3.84457,0.8842302703921394
1,1,2,12,8,96.0,64.0,1.5,0.805996,1.0,4.552285,0.9151794745962558
1,1,2,12,8,160.0,128.0,1.25,0.767663,2.0,6.171711,0.8823691938186062
1,1,2,12,8,288.0,256.0,1.125,0.676994,4.0,9.626855,0.7682395294202831
1,1,2,12,8,544.0,512.0,1.0625,0.568938,8.0,16.68388,0.6594778399951102
1,1,2,12,8,68.8,6.4,10.75,0.242298,40.0,5.039085,0.44934010308881667
1,1,2,12,8,76.0,16.0,4.75,0.404033,16.0,5.110112,0.5412182433224282
1,1,2,12,8,88.0,32.0,2.75,0.553904,8.0,5.236626,0.6466739323466014
1,1,2,12,8,112.0,64.0,1.75,0.690854,4.0,5.518069,0.7872014375492036
1,1,2,12,8,160.0,128.0,1.25,0.767663,2.0,6.171711,0.8813044798170698
1,1,2,12,8,256.0,256.0,1.0,0.761618,2.0,7.689139,0.8747303922687403
1,1,2,12,8,448.0,512.0,0.875,0.690854,4.0,11.036138,0.8078620958629508
1,1,2,12,8,832.0,1024.0,0.8125,0.59051,8.0,18.019794,0.6616074784861871
1,1,2,12,8,136.0,12.8,10.625,0.194574,80.0,8.544297,0.4089304691577501
1,1,2,12,8,148.0,32.0,4.625,0.329349,32.0,8.614596,0.45720326225286395
1,1,2,12,8,168.0,64.0,2.625,0.460569,16.0,8.738528,0.5381712749270918
1,1,2,12,8,208.0,128.0,1.625,0.59051,8.0,9.009897,0.6819508156763479
1,1,2,12,8,288.0,256.0,1.125,0.676994,4.0,9.626855,0.7969878976109784
1,1,2,12,8,448.0,512.0,0.875,0.690854,4.0,11.036138,0.8135409381401979
1,1,2,12,8,768.0,1024.0,0.75,0.639719,4.0,14.17914,0.7960799096700558
1,1,2,12,8,1408.0,2048.0,0.6875,0.553904,8.0,20.946505,0.6505636153370856
1,1,2,12,8,270.4,25.6,10.5625,0.155347,160.0,15.628295,0.3999216008104797
1,1,2,12,8,292.0,64.0,4.5625,0.264985,64.0,15.69823,0.45892361277265686
1,1,2,12,8,328.0,128.0,2.5625,0.37447,32.0,15.820862,0.517894057620545
1,1,2,12,8,400.0,256.0,1.5625,0.487436,16.0,16.087067,0.5529226873761446
1,1,2,12,8,544.0,512.0,1.0625,0.568938,8.0,16.68388,0.6637990148271079
1,1,2,12,8,832.0,1024.0,0.8125,0.59051,8.0,18.019794,0.6542659039349319
1,1,2,12,8,1408.0,2048.0,0.6875,0.553904,8.0,20.946505,0.6435264312539833
1,1,2,12,8,2560.0,4096.0,0.625,0.483598,8.0,27.305877,0.6166581248184708
1,1,2,12,8,6.48,0.32,20.25,0.349148,40.0,3.676427,0.4888889838108541
1,1,2,12,8,11.4,0.8,14.25,0.365572,40.0,3.772958,0.5137480646679903
1,1,2,12,8,19.6,1.6,12.25,0.337527,40.0,3.942729,0.44980304554943523
1,1,2,12,8,36.0,3.2,11.25,0.291708,40.0,4.29541,0.467141257443169
1,1,2,12,8,68.8,6.4,10.75,0.242298,40.0,5.039085,0.44572656978184316
1,1,2,12,8,134.4,12.8,10.5,0.196891,40.0,6.635412,0.40818369623846723
1,1,2,12,8,265.6,25.6,10.375,0.158155,80.0,10.032477,0.42333847486748505
1,1,2,12,8,528.0,51.2,10.3125,0.126288,160.0,17.043108,0.38964786273224966
1,1,2,12,8,11.4,0.8,14.25,0.365572,40.0,3.772958,0.4908732001875075
1,1,2,12,8,16.5,2.0,8.25,0.46525,16.0,3.859814,0.5638319266941302
1,1,2,12,8,25.0,4.0,6.25,0.487436,16.0,4.021767,0.5601239338752316
1,1,2,12,8,42.0,8.0,5.25,0.460569,16.0,4.369264,0.5428449559747733
1,1,2,12,8,76.0,16.0,4.75,0.404033,16.0,5.110112,0.5173249839293514
1,1,2,12,8,144.0,32.0,4.5,0.338497,16.0,6.704992,0.4829286393384212
1,1,2,12,8,280.0,64.0,4.375,0.276341,32.0,10.101329,0.4905272501131095
1,1,2,12,8,552.0,128.0,4.3125,0.222511,64.0,17.111596,0.4510369570305608
1,1,2,12,8,19.6,1.6,12.25,0.337527,40.0,3.942729,0.47376740276502893
1,1,2,12,8,25.0,4.0,6.25,0.487436,16.0,4.021767,0.523972794958881
1,1,2,12,8,34.0,8.0,4.25,0.568938,8.0,4.17097,0.6610779047145171
1,1,2,12,8,52.0,16.0,3.25,0.59051,8.0,4.504949,0.6603660606121327
1,1,2,12,8,88.0,32.0,2.75,0.553904,8.0,5.236626,0.6251276651459732
1,1,2,12,8,160.0,64.0,2.5,0.483598,8.0,6.826469,0.6248678269676501
1,1,2,12,8,304.0,128.0,2.375,0.404033,16.0,10.220225,0.5075779225050125
1,1,2,12,8,592.0,256.0,2.3125,0.329349,32.0,17.229192,0.4896993854586863
1,1,2,12,8,36.0,3.2,11.25,0.291708,40.0,4.29541,0.47330928609315503
1,1,2,12,8,42.0,8.0,5.25,0.460569,16.0,4.369264,0.525103691564439
1,1,2,12,8,52.0,16.0,3.25,0.59051,8.0,4.504949,0.6706967690266724
1,1,2,12,8,72.0,32.0,2.25,0.676994,4.0,4.813428,0.7883291031106792
1,1,2,12,8,112.0,64.0,1.75,0.690854,4.0,5.518069,0.7948482497336802
1,1,2,12,8,192.0,128.0,1.5,0.639719,4.0,7.08957,0.7729037012576812
1,1,2,12,8,352.0,256.0,1.375,0.553904,8.0,10.473252,0.6635263540672597
1,1,2,12,8,672.0,512.0,1.3125,0.460569,16.0,17.477055,0.5300190660667812
1,1,2,12,8,68.8,6.4,10.75,0.242298,40.0,5.039085,0.4675056631257298
1,1,2,12,8,76.0,16.0,4.75,0.404033,16.0,5.110112,0.5383656029624883
1,1,2,12,8,88.0,32.0,2.75,0.553904,8.0,5.236626,0.6354809505973489
1,1,2,12,8,112.0,64.0,1.75,0.690854,4.0,5.518069,0.7575265481109408
1,1,2,12,8,160.0,128.0,1.25,0.767663,2.0,6.171711,0.8977329699774712
1,1,2,12,8,256.0,256.0,1.0,0.761618,2.0,7.689139,0.8745178108085757
1,1,2,12,8,448.0,512.0,0.875,0.690854,4.0,11.036138,0.7883486816344148
1,1,2,12,8,832.0,1024.0,0.8125,0.59051,8.0,18.019794,0.6523733259680148
1,1,2,12,8,134.4,12.8,10.5,0.196891,40.0,6.635412,0.42253400603963903
1,1,2,12,8,144.0,32.0,4.5,0.338497,16.0,6.704992,0.5048567360355074
1,1,2,12,8,160.0,64.0,2.5,0.483598,8.0,6.826469,0.620837703071739
1,1,2,12,8,192.0,128.0,1.5,0.639719,4.0,7.08957,0.8001417518086238
1,1,2,12,8,256.0,256.0,1.0,0.761618,2.0,7.689139,0.8870606910581552
1,1,2,12,8,384.0,512.0,0.75,0.805996,1.0,9.104569,0.9177599299440368
1,1,2,12,8,640.0,1024.0,0.625,0.767663,2.0,12.343422,0.8762099687802632
1,1,2,12,8,1152.0,2048.0,0.5625,0.676994,4.0,19.253711,0.8042218106114464
1,1,2,12,8,265.6,25.6,10.375,0.158155,80.0,10.032477,0.4255683510586637
1,1,2,12,8,280.0,64.0,4.375,0.276341,32.0,10.101329,0.475488481418071
1,1,2,12,8,304.0,128.0,2.375,0.404033,16.0,10.220225,0.5076902522390492
1,1,2,12,8,352.0,256.0,1.375,0.553904,8.0,10.473252,0.6491898254962327
1,1,2,12,8,448.0,512.0,0.875,0.690854,4.0,11.036138,0.8101020839702247
1,1,2,12,8,640.0,1024.0,0.625,0.767663,2.0,12.343422,0.8763058514393491
1,1,2,12,8,1024.0,2048.0,0.5,0.761618,2.0,15.378278,0.8626232887619362
1,1,2,12,8,1792.0,4096.0,0.4375,0.690854,4.0,22.072275,0.7892474118308629
1,1,2,12,8,528.0,51.2,10.3125,0.126288,160.0,17.043108,0.3968998339732038
1,1,2,12,8,552.0,128.0,4.3125,0.222511,64.0,17.111596,0.44893754964726174
1,1,2,12,8,592.0,256.0,2.3125,0.329349,32.0,17.229192,0.5006240740093558
1,1,2,12,8,672.0,512.0,1.3125,0.460569,16.0,17.477055,0.5138869437565773
1,1,2,12,8,832.0,1024.0,0.8125,0.59051,8.0,18.019794,0.6522439223513595
1,1,2,12,8,1152.0,2048.0,0.5625,0.676994,4.0,19.253711,0.7904297418942536
1,1,2,12,8,1792.0,4096.0,0.4375,0.690854,4.0,22.072275,0.8132622333159945
1,1,2,12,8,3072.0,8192.0,0.375,0.639719,4.0,28.35828,0.7729661143261743
1,1,2,12,8,12.88,0.64,20.125,0.27884,80.0,7.231705,0.4550899730424189
1,1,2,12,8,22.6,1.6,14.125,0.292722,80.0,7.327509,0.44590899492240826
1,1,2,12,8,38.8,3.2,12.125,0.270657,80.0,7.494697,0.46551385673650336
1,1,2,12,8,71.2,6.4,11.125,0.23413,80.0,7.837305,0.4412310961943649
1,1,2,12,8,136.0,12.8,10.625,0.194574,80.0,8.544297,0.4180189941488458
1,1,2,12,8,265.6,25.6,10.375,0.158155,80.0,10.032477,0.40936926825144165
1,1,2,12,8,524.8,51.2,10.25,0.127058,80.0,13.225546,0.41772831866241333
1,1,2,12,8,1043.2,102.4,10.1875,0.101465,160.0,20.019885,0.37551272043809125
1,1,2,12,8,22.6,1.6,14.125,0.292722,80.0,7.327509,0.45446398911310765
1,1,2,12,8,32.5,4.0,8.125,0.374951,32.0,7.413636,0.5187640398905581
1,1,2,12,8,49.0,8.0,6.125,0.394774,32.0,7.573007,0.5090460383239371
1,1,2,12,8,82.0,16.0,5.125,0.37447,32.0,7.910431,0.5098342757572165
1,1,2,12,8,148.0,32.0,4.625,0.329349,32.0,8.614596,0.4877656902258596
1,1,2,12,8,280.0,64.0,4.375,0.276341,32.0,10.101329,0.4600065728481487
1,1,2,12,8,544.0,128.0,4.25,0.225783,32.0,13.293671,0.43508884463288994
1,1,2,12,8,1072.0,256.0,4.1875,0.181879,64.0,20.087645,0.43522498568507295
1,1,2,12,8,38.8,3.2,12.125,0.270657,80.0,7.494697,0.4756977955140718
1,1,2,12,8,49.0,8.0,6.125,0.394774,32.0,7.573007,0.5241722411088957
1,1,2,12,8,66.0,16.0,4.125,0.46525,16.0,7.719628,0.5183181235731043
1,1,2,12,8,100.0,32.0,3.125,0.487436,16.0,8.043534,0.5645479943998107
1,1,2,12,8,168.0,64.0,2.625,0.460569,16.0,8.738528,0.5288586230746319
1,1,2,12,8,304.0,128.0,2.375,0.404033,16.0,10.220225,0.5002878868465128
1,1,2,12,8,576.0,256.0,2.25,0.338497,16.0,13.409984,0.48285892422357424
1,1,2,12,8,1120.0,512.0,2.1875,0.276341,32.0,20.202659,0.47300351766128895
1,1,2,12,8,71.2,6.4,11.125,0.23413,80.0,7.837305,0.45175904507373416
1,1,2,12,8,82.0,16.0,5.125,0.37447,32.0,7.910431,0.4959571681287237
1,1,2,12,8,100.0,32.0,3.125,0.487436,16.0,8.043534,0.5575393171353155
1,1,2,12,8,136.0,64.0,2.125,0.568938,8.0,8.34194,0.6546732433960696
1,1,2,12,8,208.0,128.0,1.625,0.59051,8.0,9.009897,0.6526095255772186
1,1,2,12,8,352.0,256.0,1.375,0.553904,8.0,10.473252,0.6359412084057883
1,1,2,12,8,640.0,512.0,1.25,0.483598,8.0,13.652939,0.6245925571483006
1,1,2,12,8,1216.0,1024.0,1.1875,0.404033,16.0,20.440449,0.5103755638724513
1,1,2,12,8,136.0,12.8,10.625,0.194574,80.0,8.544297,0.4071970923723352
1,1,2,12,8,148.0,32.0,4.625,0.329349,32.0,8.614596,0.4944468339718168
1,1,2,12,8,168.0,64.0,2.625,0.460569,16.0,8.738528,0.5270235264582303
1,1,2,12,8,208.0,128.0,1.625,0.59051,8.0,9.009897,0.6850858922801412
1,1,2,12,8,288.0,256.0,1.125,0.676994,4.0,9.626855,0.7747528295728819
1,1,2,12,8,448.0,512.0,0.875,0.690854,4.0,11.036138,0.7986308488855446
1,1,2,12,8,768.0,1024.0,0.75,0.639719,4.0,14.17914,0.7703881070904134
1,1,2,12,8,1408.0,2048.0,0.6875,0.553904,8.0,20.946505,0.6319303998445055
1,1,2,12,8,265.6,25.6,10.375,0.158155,80.0,10.032477,0.40596010586729747
1,1,2,12,8,280.0,64.0,4.375,0.276341,32.0,10.101329,0.48709510526811267
1,1,2,12,8,304.0,128.0,2.375,0.404033,16.0,10.220225,0.5137638824608779
1,1,2,12,8,352.0,256.0,1.375,0.553904,8.0,10.473252,0.6346861170682042
1,1,2,12,8,448.0,512.0,0.875,0.690854,4.0,11.036138,0.7739120516763337
1,1,2,12,8,640.0,1024.0,0.625,0.767663,2.0,12.343422,0.8562448886331868
1,1,2,12,8,1024.0,2048.0,0.5,0.761618,2.0,15.378278,0.8716004421071967
1,1,2,12,8,1792.0,4096.0,0.4375,0.690854,4.0,22.072275,0.7918361580693148
1,1,2,12,8,524.8,51.2,10.25,0.127058,80.0,13.225546,0.39746262553992706
1,1,2,12,8,544.0,128.0,4.25,0.225783,32.0,13.293671,0.4062305744135805
1,1,2,12,8,576.0,256.0,2.25,0.338497,16.0,13.409984,0.48402361574940334
1,1,2,12,8,640.0,512.0,1.25,0.483598,8.0,13.652939,0.6338549811091829
1,1,2,12,8,768.0,1024.0,0.75,0.639719,4.0,14.17914,0.8052303910674647
1,1,2,12,8,1024.0,2048.0,0.5,0.761618,2.0,15.378278,0.8512306970502206
1,1,2,12,8,1536.0,4096.0,0.375,0.805996,1.0,18.209139,0.9103774994147066
1,1,2,12,8,2560.0,8192.0,0.3125,0.767663,2.0,24.686844,0.8692518189137841
1,1,2,12,8,1043.2,102.4,10.1875,0.101465,160.0,20.019885,0.39277184547577365
1,1,2,12,8,1072.0,256.0,4.1875,0.181879,64.0,20.087645,0.4044550283296689
1,1,2,12,8,1120.0,512.0,2.1875,0.276341,32.0,20.202659,0.4857705398634582
1,1,2,12,8,1216.0,1024.0,1.1875,0.404033,16.0,20.440449,0.5122661669849714
1,1,2,12,8,1408.0,2048.0,0.6875,0.553904,8.0,20.946505,0.6447145433106773
1,1,2,12,8,1792.0,4096.0,0.4375,0.690854,4.0,22.072275,0.8252321838381365
1,1,2,12,8,2560.0,8192.0,0.3125,0.767663,2.0,24.686844,0.8818246124671519
1,1,2,12,8,4096.0,16384.0,0.25,0.761618,2.0,30.756557,0.885651940366458
1,1,2,12,8,25.68,1.28,20.0625,0.222005,160.0,14.342677,0.4275399568785863
1,1,2,12,8,45.0,3.2,14.0625,0.233366,160.0,14.438116,0.4227890153237374
1,1,2,12,8,77.2,6.4,12.0625,0.215934,160.0,14.604006,0.4272179985936011
1,1,2,12,8,141.6,12.8,11.0625,0.186879,160.0,14.941449,0.45755629772260037
1,1,2,12,8,270.4,25.6,10.5625,0.155347,160.0,15.628295,0.4216342873527052
1,1,2,12,8,528.0,51.2,10.3125,0.126288,160.0,17.043108,0.4046333881680893
1,1,2,12,8,1043.2,102.4,10.1875,0.101465,160.0,20.019885,0.3759404232101109
1,1,2,12,8,2073.6,204.8,10.125,0.08103,160.0,26.406232,0.3960807572576582
1,1,2,12,8,45.0,3.2,14.0625,0.233366,160.0,14.438116,0.4229811471848463
1,1,2,12,8,64.5,8.0,8.0625,0.299905,64.0,14.52388,0.4464563451815714
1,1,2,12,8,97.0,16.0,6.0625,0.316562,64.0,14.681951,0.4682415701994154
1,1,2,12,8,162.0,32.0,5.0625,0.300886,64.0,15.014211,0.49967188783506733
1,1,2,12,8,292.0,64.0,4.5625,0.264985,64.0,15.69823,0.4844624049828626
1,1,2,12,8,552.0,128.0,4.3125,0.222511,64.0,17.111596,0.4322358886351991
1,1,2,12,8,1072.0,256.0,4.1875,0.181879,64.0,20.087645,0.4126386300748459
1,1,2,12,8,2112.0,512.0,4.125,0.146545,64.0,26.473627,0.3840124586285659
1,1,2,12,8,77.2,6.4,12.0625,0.215934,160.0,14.604006,0.4375438839489658
1,1,2,12,8,97.0,16.0,6.0625,0.316562,64.0,14.681951,0.4790550683224619
1,1,2,12,8,130.0,32.0,4.0625,0.374951,32.0,14.827273,0.5118235969915275
1,1,2,12,8,196.0,64.0,3.0625,0.394774,32.0,15.146014,0.5215700286035317
1,1,2,12,8,328.0,128.0,2.5625,0.37447,32.0,15.820862,0.4968266355415682
1,1,2,12,8,592.0,256.0,2.3125,0.329349,32.0,17.229192,0.490079829697168
1,1,2,12,8,1120.0,512.0,2.1875,0.276341,32.0,20.202659,0.4500270081148599
1,1,2,12,8,2176.0,1024.0,2.125,0.225783,32.0,26.587342,0.44836896942052856
1,1,2,12,8,141.6,12.8,11.0625,0.186879,160.0,14.941449,0.41714317896565967
1,1,2,12,8,162.0,32.0,5.0625,0.300886,64.0,15.014211,0.47724640189514966
1,1,2,12,8,196.0,64.0,3.0625,0.394774,32.0,15.146014,0.5135869357829347
1,1,2,12,8,264.0,128.0,2.0625,0.46525,16.0,15.439256,0.5371322524632455
1,1,2,12,8,400.0,256.0,1.5625,0.487436,16.0,16.087067,0.5568924249045362
1,1,2,12,8,672.0,512.0,1.3125,0.460569,16.0,17.477055,0.5106716658171863
1,1,2,12,8,1216.0,1024.0,1.1875,0.404033,16.0,20.440449,0.49563958663637125
1,1,2,12,8,2304.0,2048.0,1.125,0.338497,16.0,26.819968,0.4813479445718057
1,1,2,12,8,270.4,25.6,10.5625,0.155347,160.0,15.628295,0.39049002231330104
1,1,2,12,8,292.0,64.0,4.5625,0.264985,64.0,15.69823,0.4498910237786528
1,1,2,12,8,328.0,128.0,2.5625,0.37447,32.0,15.820862,0.4941685098803745
1,1,2,12,8,400.0,256.0,1.5625,0.487436,16.0,16.087067,0.5646195859321462
1,1,2,12,8,544.0,512.0,1.0625,0.568938,8.0,16.68388,0.65471334021905
1,1,2,12,8,832.0,1024.0,0.8125,0.59051,8.0,18.019794,0.6766455412012674
1,1,2,12,8,1408.0,2048.0,0.6875,0.553904,8.0,20.946505,0.6510868584323113
1,1,2,12,8,2560.0,4096.0,0.625,0.483598,8.0,27.305877,0.6104040254134954
1,1,2,12,8,528.0,51.2,10.3125,0.126288,160.0,17.043108,0.4025211177276212
1,1,2,12,8,552.0,128.0,4.3125,0.222511,64.0,17.111596,0.4499458375679398
1,1,2,12,8,592.0,256.0,2.3125,0.329349,32.0,17.229192,0.499640431472413
1,1,2,12,8,672.0,512.0,1.3125,0.460569,16.0,17.477055,0.5322430009435801
1,1,2,12,8,832.0,1024.0,0.8125,0.59051,8.0,18.019794,0.6364914379025152
1,1,2,12,8,1152.0,2048.0,0.5625,0.676994,4.0,19.253711,0.7700306454888739
1,1,2,12,8,1792.0,4096.0,0.4375,0.690854,4.0,22.072275,0.7964452886796415
1,1,2,12,8,3072.0,8192.0,0.375,0.639719,4.0,28.35828,0.7458192498397822
1,1,2,12,8,1043.2,102.4,10.1875,0.101465,160.0,20.019885,0.41751259104894134
1,1,2,12,8,1072.0,256.0,4.1875,0.181879,64.0,20.087645,0.4317056138188117
1,1,2,12,8,1120.0,512.0,2.1875,0.276341,32.0,20.202659,0.45100158599009926
1,1,2,12,8,1216.0,1024.0,1.1875,0.404033,16.0,20.440449,0.4949686159995534
1,1,2,12,8,1408.0,2048.0,0.6875,0.553904,8.0,20.946505,0.6619835240898072
1,1,2,12,8,1792.0,4096.0,0.4375,0.690854,4.0,22.072275,0.7846369204966297
1,1,2,12,8,2560.0,8192.0,0.3125,0.767663,2.0,24.686844,0.8667919253743863
1,1,2,12,8,4096.0,16384.0,0.25,0.761618,2.0,30.756557,0.8681582001685773
1,1,2,12,8,2073.6,204.8,10.125,0.08103,160.0,26.406232,0.3841233064615154
1,1,2,12,8,2112.0,512.0,4.125,0.146545,64.0,26.473627,0.4179298508241736
1,1,2,12,8,2176.0,1024.0,2.125,0.225783,32.0,26.587342,0.45820341492135325
1,1,2,12,8,2304.0,2048.0,1.125,0.338497,16.0,26.819968,0.5010734091593018
1,1,2,12,8,2560.0,4096.0,0.625,0.483598,8.0,27.305877,0.6184506401204974
1,1,2,12,8,3072.0,8192.0,0.375,0.639719,4.0,28.35828,0.7961956019633468
1,1,2,12,8,4096.0,16384.0,0.25,0.761618,2.0,30.756557,0.8695823950593323
1,1,2,12,8,6144.0,32768.0,0.1875,0.805996,1.0,36.418278,0.8950854005863644
1,1,2,128,66,0.12516,0.003121,40.096771,0.825258,2.0,0.073518,0.8950360365280013
1,1,2,128,66,0.376084,0.015607,24.096771,0.803064,2.5,0.206599,0.8716315967371049
1,1,2,128,66,0.689739,0.031214,22.096771,0.695083,5.0,0.373233,0.7685534352233588
1,1,2,128,66,1.317048,0.062429,21.096771,0.577838,10.0,0.70655,0.591744646408962
1,1,2,128,66,3.198977,0.156072,20.496771,0.438218,25.0,1.706541,0.5183705090036557
1,1,2,128,66,6.335526,0.312145,20.296771,0.351241,50.0,3.373204,0.4997966761476246
1,1,2,128,66,12.608623,0.624289,20.196771,0.280161,100.0,6.706536,0.48779306560512153
1,1,2,128,66,25.154817,1.248578,20.146771,0.222915,200.0,13.373202,0.4132859681763724
1,1,2,128,66,0.750053,0.028093,26.698924,0.595833,6.0,0.155605,0.6940170395746266
1,1,2,128,66,1.502825,0.140465,10.698924,0.869537,1.2,0.286845,0.9309430171319854
1,1,2,128,66,2.443789,0.28093,8.698924,0.848827,1.666667,0.453225,0.934350266048122
1,1,2,128,66,4.325718,0.56186,7.698924,0.761222,3.333333,0.786414,0.8430812783635756
1,1,2,128,66,9.971506,1.40465,7.098924,0.608278,8.333333,1.786328,0.6491162800776005
1,1,2,128,66,19.381151,2.809301,6.898924,0.496787,16.666667,3.452966,0.5594657097957616
1,1,2,128,66,38.200442,5.618601,6.798924,0.400099,33.333333,6.786285,0.5243856060671463
1,1,2,128,66,75.839024,11.237203,6.748924,0.319912,66.666667,13.452944,0.4776833018628757
1,1,2,128,66,1.874377,0.078036,24.019354,0.471148,10.0,0.239343,0.5512160007770219
1,1,2,128,66,3.128997,0.390181,8.019354,0.825258,2.0,0.367592,0.9091571961121898
1,1,2,128,66,4.697271,0.780361,6.019354,0.872641,1.0,0.533471,0.9455574028296169
1,1,2,128,66,7.83382,1.560723,5.019354,0.830605,2.0,0.866406,0.9036266696766443
1,1,2,128,66,17.243465,3.901806,4.419354,0.695083,5.0,1.866166,0.7703472380213189
1,1,2,128,66,32.926207,7.803613,4.219354,0.577838,10.0,3.532752,0.6200100160574215
1,1,2,128,66,64.291692,15.607226,4.119354,0.469764,20.0,6.866046,0.5416538075231581
1,1,2,128,66,127.022662,31.214452,4.069354,0.377433,40.0,13.532692,0.51650877706219
1,1,2,128,66,6.8702,0.312145,22.009677,0.323906,20.0,0.452023,0.49960715996525296
1,1,2,128,66,9.379439,1.560723,6.009677,0.693731,4.0,0.571521,0.8093770970313999
1,1,2,128,66,12.515987,3.121445,4.009677,0.825258,2.0,0.735184,0.8975058458803815
1,1,2,128,66,18.789084,6.24289,3.009677,0.872641,1.0,1.066942,0.9646613194397021
1,1,2,128,66,37.608375,15.607226,2.409677,0.803064,2.5,2.065985,0.8907104749854244
1,1,2,128,66,68.97386,31.214452,2.209677,0.695083,5.0,3.732332,0.817083757952461
1,1,2,128,66,131.70483,62.428903,2.109677,0.577838,10.0,7.065505,0.6107868106750105
1,1,2,128,66,257.16677,124.857806,2.059677,0.469764,20.0,13.732091,0.5483709247134674
1,1,2,128,66,26.226181,1.248578,21.004839,0.213809,40.0,0.88146,0.4398800031603911
1,1,2,128,66,31.244658,6.24289,5.004839,0.524766,8.0,0.986588,0.6334198212429083
1,1,2,128,66,37.517755,12.485781,3.004839,0.693731,4.0,1.143042,0.7986105122545866
1,1,2,128,66,50.063949,24.971561,2.004839,0.825258,2.0,1.470367,0.9095166602735373
1,1,2,128,66,87.702531,62.428903,1.404839,0.867752,1.25,2.466581,0.9486685775936741
1,1,2,128,66,150.433501,124.857806,1.204839,0.803064,2.5,4.13197,0.9010413229459153
1,1,2,128,66,275.89544,249.715612,1.104839,0.695083,5.0,7.464663,0.7826659996749029
1,1,2,128,66,526.81932,499.431224,1.054839,0.577838,10.0,14.13101,0.5991919297162117
1,1,2,128,66,102.395484,4.994312,20.502419,0.137992,80.0,1.743127,0.40029397405840395
1,1,2,128,66,112.432439,24.971561,4.502419,0.367471,16.0,1.833043,0.4771443070930954
1,1,2,128,66,124.978633,49.943122,2.502419,0.524766,8.0,1.973175,0.6598245077745147
1,1,2,128,66,150.071021,99.886245,1.502419,0.693731,4.0,2.286083,0.7943747812955874
1,1,2,128,66,225.348184,249.715612,0.902419,0.850995,1.6,3.271565,0.9399097500855748
1,1,2,128,66,350.810124,499.431224,0.702419,0.867752,1.25,4.933162,0.9449992041781042
1,1,2,128,66,601.734003,998.862449,0.602419,0.803064,2.5,8.26394,0.88828148191384
1,1,2,128,66,1103.581762,1997.724897,0.552419,0.695083,5.0,14.929327,0.7762715231712612
1,1,2,128,66,404.563457,19.977249,20.25121,0.088008,160.0,3.468001,0.3733861444627716
1,1,2,128,66,424.637367,99.886245,4.25121,0.245171,32.0,3.5471,0.4335405063606631
1,1,2,128,66,449.729755,199.77249,2.25121,0.367471,16.0,3.666086,0.5229153420687171
1,1,2,128,66,499.914531,399.544979,1.25121,0.524766,8.0,3.94635,0.6366157163034888
1,1,2,128,66,650.468859,998.862449,0.65121,0.742896,3.2,4.896121,0.8590374522649838
1,1,2,128,66,901.392738,1997.724897,0.45121,0.850995,1.6,6.543129,0.9461717472481848
1,1,2,128,66,1403.240496,3995.449795,0.35121,0.867752,1.25,9.866324,0.9346882373649777
1,1,2,128,66,2406.936013,7990.89959,0.30121,0.803064,2.5,16.52788,0.8900780909401667
1,1,2,1280,642,3.126623,0.519093,6.023247,0.999015,1.0,0.075365,1.0
1,1,2,1280,642,12.506493,4.152741,3.011624,0.999015,1.0,0.15073,0.9822476070423565
1,1,2,1280,642,50.025971,33.221927,1.505812,0.999015,1.0,0.301459,0.996823614449046
1,1,2,1280,642,312.662318,519.092602,0.602325,0.999015,1.0,0.753649,1.0
1,1,2,1280,642,1250.649273,4152.740817,0.301162,0.999015,1.0,1.507297,0.992120375262447
1,1,2,1280,642,5002.597094,33221.926537,0.150581,0.999015,1.0,3.014594,0.9947331661570317
1,1,2,64,34,1.886632,0.13006,14.505834,0.658001,2.0,0.435041,0.8355999161801252
1,1,2,64,34,2.53206,0.26012,9.734183,0.778263,1.0,0.572017,0.9429781988477112
1,1,2,64,34,4.012528,0.520241,7.712827,0.779595,2.0,0.886523,0.8593272660207866
1,1,2,64,34,8.660467,1.300602,6.658813,0.665333,5.0,1.874318,0.7736578852281081
1,1,2,64,34,16.482507,2.601204,6.336491,0.554937,10.0,3.536836,0.5931747919911609
1,1,2,64,34,32.155552,5.202409,6.180897,0.451542,20.0,6.868089,0.5210068259337242
1,1,2,64,34,6.614711,0.520241,12.714708,0.472908,4.0,0.771356,0.7099948827944109
1,1,2,64,34,7.546528,1.040482,7.252917,0.658001,2.0,0.870083,0.8482110626684113
1,1,2,64,34,10.128239,2.080963,4.867091,0.778263,1.0,1.144034,0.922173112788368
1,1,2,64,34,19.111812,5.202409,3.673647,0.759717,2.5,2.098351,0.8691770950774385
1,1,2,64,34,34.641868,10.404817,3.329407,0.665333,5.0,3.748637,0.7825243554895486
1,1,2,64,34,65.930027,20.809634,3.168245,0.554937,10.0,7.073673,0.6160073730764519
1,1,2,64,34,25.3595,2.080963,12.186423,0.310828,8.0,1.48454,0.5615767250398475
1,1,2,64,34,26.458843,4.161927,6.357354,0.472908,4.0,1.542712,0.7059701316345466
1,1,2,64,34,30.186111,8.323854,3.626459,0.658001,2.0,1.740165,0.8456170422491031
1,1,2,64,34,46.245051,20.809634,2.22229,0.791155,1.25,2.592411,0.9177001902344477
1,1,2,64,34,76.447248,41.619269,1.836823,0.759717,2.5,4.196703,0.8541523667362189
1,1,2,64,34,138.567472,83.238537,1.664703,0.665333,5.0,7.497273,0.7425916523318853
1,1,2,64,34,156.465234,13.006021,12.030215,0.170934,20.0,3.66837,0.38803209057355537
1,1,2,64,34,157.632522,26.012043,6.059982,0.269332,10.0,3.693064,0.4837806288453965
1,1,2,64,34,162.139821,52.024086,3.11663,0.415653,5.0,3.788445,0.6707317272219301
1,1,2,64,34,188.663195,130.060215,1.450583,0.658001,2.0,4.350413,0.8204736953461237
1,1,2,64,34,253.205985,260.120429,0.973418,0.778263,1.0,5.72017,0.9269957438663299
1,1,2,64,34,401.252777,520.240859,0.771283,0.779595,2.0,8.865233,0.8891212723167992
1,1,0,2048,1024,15.702823,1.558947,10.07271,0.414057,11.0,0.2751,0.4858647861233382
1,1,0,2048,1024,39.257058,9.74342,4.029084,0.561962,5.0,0.298175,0.6803430282985237
1,1,0,2048,1024,78.514116,38.973679,2.014542,0.708028,3.0,0.3437,0.7672163373366514
1,1,0,2048,1024,117.771175,87.690779,1.343028,0.81049,2.333333,0.397947,0.8477369404638618
1,1,0,2048,1024,31.405647,3.117894,10.07271,0.328638,21.0,0.536152,0.4415067201773634
1,1,0,2048,1024,78.514116,19.48684,4.029084,0.44603,9.0,0.55747,0.5201976112054743
1,1,0,2048,1024,157.028233,77.947359,2.014542,0.561962,5.0,0.596349,0.6531535952891216
1,1,0,2048,1024,235.542349,175.381557,1.343028,0.643286,3.666667,0.639603,0.742152354147911
1,1,0,2048,1024,62.811293,6.235789,10.07271,0.26084,41.0,1.058748,0.3893232805405019
1,1,0,2048,1024,157.028233,38.973679,4.029084,0.354014,17.0,1.079206,0.45841898540333637
1,1,0,2048,1024,314.056466,155.894717,2.014542,0.44603,9.0,1.114941,0.5223043147873804
1,1,0,2048,1024,471.084698,350.763114,1.343028,0.510577,6.333333,1.152755,0.6467664006343717
1,1,2,3840,1922,6.271341,1.303543,4.810998,0.920182,2.00257,0.070076,0.9111462615191229
1,1,2,3840,1922,9.407642,2.085668,4.510613,0.839138,3.003855,0.092292,0.8875808300282276
1,1,2,3840,1922,15.680243,3.649919,4.296052,0.731117,5.006426,0.136733,0.8137270205407566
1,1,2,3840,1922,28.225445,6.778421,4.164015,0.613662,9.011566,0.225621,0.6318209678114741
1,1,2,3840,1922,18.812763,7.299838,2.577148,0.967328,1.501928,0.117953,0.9719949412180516
1,1,2,3840,1922,25.085364,10.428341,2.405499,0.920182,2.00257,0.140152,0.9369631058164448
1,1,2,3840,1922,37.630567,16.685345,2.255306,0.839138,3.003855,0.184584,0.875302381333766
1,1,2,3840,1922,62.720971,29.199354,2.148026,0.731117,5.006426,0.273467,0.795955470555951
1,1,2,3840,1922,62.705851,45.884699,1.366596,0.98845,1.251606,0.213763,0.9696584654197881
1,1,2,3840,1922,75.251053,58.398707,1.288574,0.967328,1.501928,0.235906,0.9727184235325036
1,1,2,3840,1922,100.341457,83.426725,1.20275,0.920182,2.00257,0.280304,0.950748555097174
1,1,2,3840,1922,150.522266,133.48276,1.127653,0.839138,3.003855,0.369168,0.8823324902952506
0,1,0,10,8,1036.8,0.0,999.0,0.0,160.0,20.019885,0.034996937000213356
0,1,1,10,8,227.0,0.0,999.0,0.0,64.0,16.386361,0.06545278097902252
0,1,1,11,8,864.0,0.0,999.0,0.0,32.0,20.202659,0.06095385442425274
0,1,1,11,8,8.0,0.0,999.0,0.0,20.0,2.17199,0.03438219243044387
0,1,1,11,8,75.0,0.0,999.0,0.0,16.0,5.110112,0.030588386524661868
0,1,-7,117,66,61.156088,0.0,999.0,0.0,20.0,6.933057,0.03572113376009262
0,1,1,11,8,264.8,0.0,999.0,0.0,80.0,10.032477,0.05817909748230822
0,1,1,11,8,540.0,0.0,999.0,0.0,32.0,13.293671,0.05413359348443817
0,1,1,11,8,550.0,0.0,999.0,0.0,64.0,17.111596,0.0618512406866857
0,1,0,10,8,58.0,0.0,999.0,0.0,160.0,14.604006,0.04510774672924077
0,1,1,11,8,524.8,0.0,999.0,0.0,160.0,17.043108,0.03612898643749839
0,1,-142,1884,1024,57.772237,0.0,999.0,0.0,41.0,1.058496,0.06378269732621747
0,1,1,11,8,64.375,0.0,999.0,0.0,64.0,14.52388,0.04169827229823253
0,1,0,10,8,129.5,0.0,999.0,0.0,64.0,15.014211,0.05279822083780967
0,1,1,11,8,2432.0,0.0,999.0,0.0,2.0,24.686844,0.2517511274132693
0,1,1,11,8,524.8,0.0,999.0,0.0,160.0,17.043108,0.041452843635158
0,1,0,10,8,1984.0,0.0,999.0,0.0,8.0,27.305877,0.14014094481412268
0,1,0,10,8,48.5,0.0,999.0,0.0,64.0,14.52388,0.03925588149995213
0,1,-10,115,66,2.123401,0.0,999.0,0.0,1.666667,0.450353,0.2955508906551058
0,1,1,11,8,18.2,0.0,999.0,0.0,20.0,2.543012,0.015034704557177085
0,1,1,11,8,1152.0,0.0,999.0,0.0,8.0,20.946505,0.11660912510535218
0,1,1,11,8,176.0,0.0,999.0,0.0,8.0,9.009897,0.12242968031182798
0,1,1,11,8,28.5,0.0,999.0,0.0,32.0,7.413636,0.07613810455013607
0,1,0,61,34,3.786131,0.0,999.0,0.0,2.0,0.874155,0.2574640567997832
0,1,1,11,8,1152.0,0.0,999.0,0.0,8.0,20.946505,0.13506489943170633
0,1,1,11,8,38.7,0.0,999.0,0.0,80.0,7.494697,0.06585397671873189
0,1,0,10,8,194.0,0.0,999.0,0.0,32.0,15.146014,0.03917765529133587
0,1,0,10,8,5120.0,0.0,999.0,0.0,1.0,36.418278,0.2943971407684096
0,1,0,10,8,40.0,0.0,999.0,0.0,8.0,4.504949,0.1271244316071785
0,1,0,10,8,22.0,0.0,999.0,0.0,4.0,2.759034,0.20277772549211204
0,1,1,11,8,14.4,0.0,999.0,0.0,20.0,2.543012,0.04317345182207964
0,1,1,10,8,19.0,0.0,999.0,0.0,16.0,3.787753,0.06914168061419623
0,1,1,11,8,41.8,0.0,999.0,0.0,160.0,14.438116,0.0578398221629663
0,1,1,11,8,35.2,0.0,999.0,0.0,40.0,4.29541,0.04764873065775135
0,1,-7,119,66,95.956559,0.0,999.0,0.0,80.0,1.743127,0.051696085427547236
0,1,1,10,8,269.6,0.0,999.0,0.0,160.0,16.312018,0.05871358048294656
0,1,-15,110,66,26.898861,0.0,999.0,0.0,10.0,3.49889,0.0865861522186517
0,1,-6,119,66,0.654481,0.0,999.0,0.0,5.0,0.374664,0.19165378778931344
0,1,1,11,8,84.0,0.0,999.0,0.0,8.0,5.236626,0.14802081414919502
0,1,1,11,8,21.0,0.0,999.0,0.0,80.0,7.327509,0.0697452230180699
0,1,1,11,8,116.0,0.0,999.0,0.0,32.0,8.614596,0.06015886445529818
0,1,1,11,8,2160.0,0.0,999.0,0.0,32.0,26.587342,0.037355602012311626
0,1,1,11,8,512.0,0.0,999.0,0.0,8.0,13.652939,0.10969664139844107
0,1,0,10,8,36.0,0.0,999.0,0.0,2.0,3.085855,0.2701009430510511
0,1,0,10,8,15.5,0.0,999.0,0.0,40.0,3.942729,0.05091147646466615
0,1,-133,1898,1024,72.738102,0.0,999.0,0.0,9.0,0.557314,0.0734726220166142
0,1,1,11,8,84.0,0.0,999.0,0.0,8.0,5.236626,0.1324203970031788
0,1,-9,114,66,133.657003,0.0,999.0,0.0,4.0,2.296273,0.24431193395772705
0,1,0,10,8,384.0,0.0,999.0,0.0,4.0,11.036138,0.23364711209746314
0,1,1,10,8,416.0,0.0,999.0,0.0,8.0,15.768282,0.11485920795793644
0,1,0,10,8,109.4,0.0,999.0,0.0,160.0,14.941449,0.038083949038992634
0,1,1,11,8,56.5,0.0,999.0,0.0,64.0,14.52388,0.05449778516261117
0,1,1,11,8,24.0,0.0,999.0,0.0,4.0,2.759034,0.22270044426992727
0,1,0,10,8,44.0,0.0,999.0,0.0,4.0,3.544785,0.2316456176138386
0,1,1,11,8,384.0,0.0,999.0,0.0,4.0,11.036138,0.2340258205890845
0,1,1,10,8,9.2,0.0,999.0,0.0,10.0,1.675693,0.09137835793341992
0,1,1,11,8,51.0,0.0,999.0,0.0,8.0,4.504949,0.10801814856605714
0,1,1,11,8,161.5,0.0,999.0,0.0,64.0,15.014211,0.053324284217739666
0,1,0,10,8,812.0,0.0,999.0,0.0,64.0,20.087645,0.044547874940580136
0,1,1,11,8,264.0,0.0,999.0,0.0,80.0,10.032477,0.048520474340969566
0,1,-98,1170,642,4579.080234,0.0,999.0,0.0,1.0,3.014836,0.31296613279003116
0,1,1,11,8,2104.0,0.0,999.0,0.0,64.0,26.473627,0.06459688809576863
0,1,1,11,8,60.0,0.0,999.0,0.0,2.0,3.84457,0.2959766547557548
0,1,-296,1615,1024,93.73196,0.0,999.0,0.0,2.333333,0.399353,0.2730505204221907
0,1,1,11,8,2272.0,0.0,999.0,0.0,16.0,26.819968,0.04834974813866307
0,1,1,11,8,6.75,0.0,999.0,0.0,4.0,1.379517,0.22120682295824423
0,1,-15,102,66,379.670928,0.0,999.0,0.0,8.0,3.879897,0.09897867496407994
0,1,0,10,8,160.0,0.0,999.0,0.0,8.0,9.009897,0.14509602567347904
0,1,1,11,8,524.8,0.0,999.0,0.0,160.0,17.043108,0.045171523793214936
0,1,0,10,8,80.0,0.0,999.0,0.0,1.0,4.552285,0.30758845590004363
0,1,1,11,8,1664.0,0.0,999.0,0.0,4.0,22.072275,0.23518494788613648
0,1,1,11,8,278.0,0.0,999.0,0.0,32.0,10.101329,0.031320267364247895
0,1,1,11,8,396.0,0.0,999.0,0.0,16.0,16.087067,0.03614980411310547
0,1,1,11,8,1.35,0.0,999.0,0.0,5.0,0.67515,0.22320529860583238
0,1,1,10,8,288.0,0.0,999.0,0.0,16.0,9.878401,0.05435653273525315
0,1,1,11,8,480.0,0.0,999.0,0.0,8.0,16.68388,0.11629121503552223
0,1,1,11,8,40.0,0.0,999.0,0.0,16.0,4.369264,0.048104794833086835
0,1,0,10,8,22.75,0.0,999.0,0.0,16.0,4.021767,0.06629355357249257
0,1,0,10,8,512.0,0.0,999.0,0.0,16.0,17.477055,0.06401471719601455
0,1,1,11,8,135.6,0.0,999.0,0.0,80.0,8.544297,0.028008773566405343
0,1,-3,59,34,32.379206,0.0,999.0,0.0,5.0,3.748637,0.22451425765507838
0,1,0,10,8,227.0,0.0,999.0,0.0,64.0,15.69823,0.06449222046498018
0,1,1,10,8,20.5,0.0,999.0,0.0,8.0,2.74292,0.12271287125987618
0,1,-8,118,66,5.937605,0.0,999.0,0.0,50.0,3.373204,0.032124163353699185
0,1,1,11,8,1041.6,0.0,999.0,0.0,160.0,20.019885,0.06581012960091387
0,1,1,11,8,624.0,0.0,999.0,0.0,8.0,13.652939,0.13214641250441928
0,1,1,11,8,267.2,0.0,999.0,0.0,160.0,15.628295,0.028133024328833512
0,1,1,11,8,5.1,0.0,999.0,0.0,10.0,1.296205,0.07151882886962432
0,1,0,10,8,536.0,0.0,999.0,0.0,16.0,17.477055,0.0968925941418873
0,1,-8,118,66,5.64648,0.0,999.0,0.0,50.0,3.373204,0.050247526361216314
0,1,1,10,8,140.0,0.0,999.0,0.0,32.0,8.179701,0.03887044108496514
0,1,1,11,8,1376.0,0.0,999.0,0.0,8.0,20.946505,0.10987255062040037
0,1,-17,105,66,3.673519,0.0,999.0,0.0,3.333333,0.790287,0.2682481514181079
0,1,1,11,8,78.0,0.0,999.0,0.0,32.0,7.910431,0.06271639234366531
0,1,-20,99,66,449.702022,0.0,999.0,0.0,2.5,8.235268,0.28361158670875836
0,1,1,11,8,99.0,0.0,999.0,0.0,16.0,8.043534,0.05372277926138236
0,1,0,10,8,29.5,0.0,999.0,0.0,8.0,4.17097,0.14381028852999178
0,1,0,10,8,262.4,0.0,999.0,0.0,80.0,10.032477,0.03727519415678133
0,1,1,11,8,116.0,0.0,999.0,0.0,32.0,8.614596,0.052438864713725865
0,1,1,11,8,41.0,0.0,999.0,0.0,32.0,7.573007,0.05430580272459103
0,1,-10,112,66,5.737669,0.0,999.0,0.0,50.0,3.443702,0.0707367039781283
0,1,1,10,8,227.0,0.0,999.0,0.0,64.0,16.386361,0.05478264560210682
0,1,1,11,8,1152.0,0.0,999.0,0.0,8.0,20.946505,0.11561732387395675
0,1,1,11,8,3.26,0.0,999.0,0.0,20.0,1.899204,0.0509611075838056
0,1,0,10,8,2816.0,0.0,999.0,0.0,4.0,28.35828,0.19985380196309638
0,1,1,11,8,550.0,0.0,999.0,0.0,64.0,17.111596,0.01518546900094598
0,1,1,11,8,768.0,0.0,999.0,0.0,8.0,18.019794,0.13747012055162428
0,1,1,11,8,288.0,0.0,999.0,0.0,8.0,10.473252,0.11937884170540482
0,1,1,11,8,152.0,0.0,999.0,0.0,2.0,6.171711,0.27107874051529596
0,1,1,11,8,1408.0,0.0,999.0,0.0,1.0,18.209139,0.3124642001904992
0,1,1,11,8,72.0,0.0,999.0,0.0,8.0,5.236626,0.14595515577566895
0,1,1,11,8,768.0,0.0,999.0,0.0,8.0,18.019794,0.13301731932241373
0,1,1,11,8,34.0,0.0,999.0,0.0,16.0,4.369264,0.07892109245326717
0,1,0,10,8,88.0,0.0,999.0,0.0,4.0,5.518069,0.23254033701085913
0,1,1,11,8,326.0,0.0,999.0,0.0,32.0,15.820862,0.05453320195369991
0,1,1,10,8,59.0,0.0,999.0,0.0,16.0,5.175413,0.05360583233756898
0,1,1,10,8,45.2,0.0,999.0,0.0,160.0,13.579793,0.030717566567995742
0,1,1,10,8,40.75,0.0,999.0,0.0,32.0,7.959655,0.06433997908460182
0,1,0,10,8,4.1,0.0,999.0,0.0,10.0,1.296205,0.03831800969977069
0,1,1,11,8,41.8,0.0,999.0,0.0,160.0,14.438116,0.041206207140863316
1,0,0,2048,1024,314.056466,22.706292,13.831253,0.123474,9.0,1.114941,0.3497333670644442
1,0,2,12,8,0.88,0.02,44.0,0.404907,5.0,0.569161,0.6001161778983871
1,0,2,12,8,3072.0,4096.0,0.75,0.402998,4.0,28.35828,0.6294228565555547
1,0,2,12,8,77.2,3.2,24.125,0.13603,160.0,14.604006,0.38200248042967644
1,0,2,64,34,10.128239,0.7605,13.317874,0.397817,1.0,1.144034,0.7256869849748936
1,0,2,12,8,1408.0,1024.0,1.375,0.348938,8.0,20.946505,0.5042877333462634
1,0,2,1280,642,3.126623,0.001645,999.0,0.021555,1.0,0.075365,0.5515786531122406
1,0,2,12,8,192.0,64.0,3.0,0.402998,4.0,7.08957,0.6170441361733694
1,0,2,12,8,71.2,0.0,999.0,0.0,80.0,7.837305,0.3105749067900921
1,0,2,12,8,0.88,0.02,44.0,0.404907,5.0,0.569161,0.6082164759934304
1,0,2,12,8,5.2,0.2,26.0,0.318054,10.0,1.296205,0.4227245783644833
1,0,2,12,8,1072.0,256.0,4.1875,0.181879,64.0,20.087645,0.3742633692249665
1,0,2,12,8,42.0,0.0,999.0,0.0,16.0,4.369264,0.30658468325402743
1,0,2,128,66,4.697271,0.209497,22.42164,0.363154,1.0,0.533471,0.7097086597713906
1,0,2,12,8,18.0,4.0,4.5,0.676994,4.0,2.406714,0.744697357431551
1,0,2,12,8,288.0,128.0,2.25,0.42648,4.0,9.626855,0.6400017807962055
1,0,2,12,8,1072.0,128.0,8.375,0.114577,64.0,20.087645,0.3756246160026268
1,0,2,12,8,40.0,0.0,999.0,0.0,8.0,3.413235,0.3750987923414933
1,0,2,12,8,22.0,4.0,5.5,0.553904,8.0,2.618313,0.6073551651241347
1,0,2,12,8,1.68,0.04,42.0,0.336678,10.0,1.011421,0.4515781358465155
1,0,2,12,8,76.0,8.0,9.5,0.254525,16.0,5.110112,0.4121586629229462
1,0,2,12,8,552.0,-64.0,999.0,0.0,64.0,17.111596,0.2781655651139386
1,0,2,64,34,10.128239,1.293105,7.832496,0.566725,1.0,1.144034,0.769759147660162
1,0,2,12,8,42.0,0.0,999.0,0.0,16.0,4.369264,0.2818758864086092
1,0,2,128,66,50.063949,-5.827751,999.0,0.0,2.0,1.470367,0.515925400171958
1,0,2,128,66,37.517755,9.820663,3.820287,0.591118,4.0,1.143042,0.7302044126682353
1,0,2,3840,1922,18.812763,0.427572,43.999046,0.145894,1.501928,0.117953,0.5866245626892477
1,0,2,12,8,36.0,1.6,22.5,0.183764,40.0,4.29541,0.3842796410182322
1,0,2,128,66,3.128997,0.306496,10.208928,0.70258,2.0,0.367592,0.8287909000178776
1,0,2,12,8,672.0,256.0,2.625,0.29014,16.0,17.477055,0.41564248858889413
1,0,2,12,8,35.2,1.6,22.0,0.187941,20.0,3.340761,0.39008289205596786
1,0,2,12,8,19.6,0.8,24.5,0.212628,40.0,3.942729,0.39301767024845635
1,0,2,12,8,168.0,0.0,999.0,0.0,16.0,8.738528,0.30174655395875305
1,0,2,12,8,22.0,0.0,999.0,0.0,8.0,2.618313,0.38625473383975395
1,0,2,12,8,148.0,16.0,9.25,0.207477,32.0,8.614596,0.4105897002224189
1,0,2,12,8,292.0,32.0,9.125,0.16693,64.0,15.69823,0.35721299683707924
1,0,2,12,8,42.0,8.0,5.25,0.460569,16.0,4.369264,0.4698396383849554
1,0,2,12,8,288.0,128.0,2.25,0.42648,4.0,9.626855,0.6303231300531711
1,0,2,12,8,19.6,0.8,24.5,0.212628,40.0,3.942729,0.3999678004224246
1,0,2,12,8,144.0,16.0,9.0,0.21324,16.0,6.704992,0.4022364384659259
1,0,2,12,8,34.0,0.0,999.0,0.0,8.0,4.17097,0.366944445999991
1,0,0,2048,1024,78.514116,27.264166,2.879755,0.557953,3.0,0.3437,0.6411411213174091
1,0,2,12,8,528.0,25.6,20.625,0.079557,160.0,17.043108,0.32170133513963783
1,0,0,2048,1024,39.257058,1.917584,20.472141,0.190138,5.0,0.298175,0.48427308943029096
1,0,2,12,8,832.0,1024.0,0.8125,0.59051,8.0,18.019794,0.6102032504755668
1,0,2,128,66,17.243465,1.737049,9.926873,0.405261,5.0,1.866166,0.6148094243497655
1,0,2,128,66,3.128997,0.108162,28.928895,0.350855,2.0,0.367592,0.6574918934139008
1,0,2,12,8,148.0,32.0,4.625,0.329349,32.0,8.614596,0.4469507484464207
1,0,2,64,34,32.155552,2.106434,15.265397,0.247131,20.0,6.868089,0.4040001646901709
1,0,2,12,8,280.0,0.0,999.0,0.0,32.0,10.101329,0.3087969520854571
1,0,0,2048,1024,15.702823,1.561274,10.057698,0.414469,11.0,0.2751,0.4181737536734429
1,0,2,128,66,37.517755,3.791579,9.895021,0.31342,4.0,1.143042,0.6082337107608078
1,0,2,12,8,134.4,12.8,10.5,0.196891,40.0,6.635412,0.38563478868284384
1,0,2,12,8,36.0,0.0,999.0,0.0,40.0,4.29541,0.2860788805779633
1,0,2,12,8,0.9,0.05,18.0,0.72927,2.5,0.464904,0.8098039036167304
1,0,2,12,8,1043.2,51.2,20.375,0.063919,160.0,20.019885,0.3374402156033846
1,0,2,12,8,100.0,32.0,3.125,0.487436,16.0,8.043534,0.5123014511250684
1,0,2,12,8,2073.6,204.8,10.125,0.08103,160.0,26.406232,0.33865360246715615
1,0,2,12,8,328.0,128.0,2.5625,0.37447,32.0,15.820862,0.43530920652556465
1,0,2,12,8,112.0,0.0,999.0,0.0,4.0,5.518069,0.46283024005639
1,0,2,12,8,5.2,0.0,999.0,0.0,10.0,1.296205,0.3184727787812061
1,0,2,12,8,672.0,512.0,1.3125,0.460569,16.0,17.477055,0.4870696105096444
1,0,2,12,8,148.0,16.0,9.25,0.207477,32.0,8.614596,0.3811570873529272
1,0,2,3840,1922,6.271341,0.878159,7.141466,0.707141,2.00257,0.070076,0.7909359878579436
1,0,2,12,8,528.0,25.6,20.625,0.079557,160.0,17.043108,0.3148768857237583
1,0,2,12,8,552.0,0.0,999.0,0.0,64.0,17.111596,0.2685221733763998
1,0,2,128,66,1403.240496,3230.201382,0.434413,0.753075,1.25,9.866324,0.7981880034008835
1,0,2,12,8,5.8,0.4,14.5,0.45265,20.0,1.997182,0.479083384012568
1,0,2,64,34,7.546528,-0.027619,999.0,0.0,2.0,0.870083,0.5598034556271428
1,0,2,12,8,208.0,0.0,999.0,0.0,8.0,9.009897,0.4019516928568714
1,0,2,12,8,64.5,8.0,8.0625,0.299905,64.0,14.52388,0.40528872074496247
1,0,2,12,8,18.4,0.8,23.0,0.226496,20.0,2.543012,0.3928467595248252
1,0,2,12,8,1.6,0.1,16.0,0.651175,5.0,0.67515,0.6885011612831499
1,0,2,12,8,1.5,0.0625,24.0,0.507746,1.0,0.569036,0.7334166165497801
1,0,2,128,66,87.702531,34.873037,2.514909,0.588571,1.25,2.466581,0.7612161205282322
1,0,2,12,8,1792.0,2048.0,0.875,0.435211,4.0,22.072275,0.6457017421727883
1,0,2,12,8,2.5,0.0,999.0,0.0,2.0,0.771464,0.5222631058468203
1,0,2,128,66,1.502825,0.086174,17.439503,0.627806,1.2,0.286845,0.7999128263790489
1,0,2,12,8,19.6,1.6,12.25,0.337527,40.0,3.942729,0.44495889732007193
1,0,2,12,8,38.8,3.2,12.125,0.270657,80.0,7.494697,0.4032095331459771
1,0,2,12,8,2560.0,4096.0,0.625,0.483598,2.0,24.686844,0.7189820640419158
1,0,2,12,8,328.0,128.0,2.5625,0.37447,32.0,15.820862,0.4333807767061845
1,0,2,12,8,1043.2,51.2,20.375,0.063919,160.0,20.019885,0.3054001376603291
1,0,2,128,66,257.16677,43.770024,5.875409,0.233554,20.0,13.732091,0.3709369759917596
1,0,2,12,8,11.4,0.8,14.25,0.365572,40.0,3.772958,0.45596740694472826
1,0,2,12,8,22.6,1.6,14.125,0.292722,80.0,7.327509,0.4120202658583379
1,0,2,64,34,34.641868,5.546014,6.246264,0.437391,5.0,3.748637,0.5968897201004323
1,0,2,12,8,36.0,0.0,999.0,0.0,40.0,4.29541,0.2990536657097459
1,0,2,12,8,400.0,128.0,3.125,0.307065,16.0,16.087067,0.4040938107545696
1,0,2,12,8,35.2,1.6,22.0,0.187941,20.0,3.340761,0.4000820677647182
1,0,2,12,8,76.0,16.0,4.75,0.404033,16.0,5.110112,0.4529310040858829
1,0,2,12,8,640.0,512.0,1.25,0.483598,2.0,12.343422,0.7286616242692632
1,0,2,12,8,134.4,6.4,21.0,0.124033,40.0,6.635412,0.36594775092199433
1,0,2,12,8,76.0,16.0,4.75,0.404033,16.0,5.110112,0.44728940312132964
1,0,2,12,8,265.6,25.6,10.375,0.158155,80.0,10.032477,0.36440267338199367
1,0,2,12,8,1216.0,-512.0,999.0,0.0,16.0,20.440449,0.30830201852082223
1,0,2,12,8,22.6,0.8,28.25,0.184403,80.0,7.327509,0.3754945671515045
1,0,2,12,8,52.0,8.0,6.5,0.371998,8.0,4.504949,0.5292157686834752
1,0,2,12,8,672.0,256.0,2.625,0.29014,16.0,17.477055,0.3961117073895566
1,0,2,12,8,12.88,0.0,999.0,0.0,80.0,7.231705,0.3083105432957179
1,0,2,12,8,13.0,0.0,999.0,0.0,8.0,2.252474,0.3677075370874094
1,0,2,12,8,1.68,0.04,42.0,0.336678,10.0,1.011421,0.4649129988464215
1,0,2,12,8,144.0,16.0,9.0,0.21324,16.0,6.704992,0.39909575680227255
1,0,2,12,8,400.0,0.0,999.0,0.0,16.0,16.087067,0.31003212761277416
1,0,2,64,34,401.252777,113.992751,3.519985,0.283346,2.0,8.865233,0.6435693205878629
1,0,2,12,8,68.8,3.2,21.5,0.152638,40.0,5.039085,0.3706870782724173
1,0,2,64,34,32.155552,1.7791,18.074052,0.220815,20.0,6.868089,0.3986521391998632
1,0,2,12,8,19.6,1.6,12.25,0.337527,40.0,3.942729,0.4574431688952666
1,0,2,12,8,168.0,32.0,5.25,0.29014,16.0,8.738528,0.41554538780100236
1,0,2,12,8,49.0,4.0,12.25,0.248692,32.0,7.573007,0.40193605343844496
1,0,2,12,8,256.0,256.0,1.0,0.761618,2.0,7.689139,0.8436283914036194
1,0,2,12,8,280.0,64.0,4.375,0.276341,32.0,10.101329,0.4031807769861052
1,0,2,12,8,168.0,64.0,2.625,0.460569,16.0,8.738528,0.46419863979742676
1,0,2,12,8,100.0,16.0,6.25,0.307065,16.0,8.043534,0.43022458335010244
1,0,2,12,8,82.0,-8.0,999.0,0.0,32.0,7.910431,0.29690964473076087
1,0,2,12,8,270.4,12.8,21.125,0.097863,160.0,15.628295,0.3210321889556465
1,0,2,12,8,1408.0,2048.0,0.6875,0.553904,8.0,20.946505,0.604069866590863
1,0,2,64,34,46.245051,1.832732,25.23285,0.15661,1.25,2.592411,0.6278608038738496
1,0,2,12,8,162.0,16.0,10.125,0.189546,64.0,15.014211,0.35137246102255315
1,0,2,12,8,264.0,128.0,2.0625,0.46525,16.0,15.439256,0.5014350730060667
1,0,2,12,8,7.0,0.5,14.0,0.435211,4.0,1.379517,0.6110282097032308
1,0,2,12,8,4096.0,8192.0,0.5,0.47979,2.0,30.756557,0.7109115298150285
1,0,2,12,8,10.0,0.0,999.0,0.0,20.0,2.17199,0.32760773868363874
1,0,0,2048,1024,62.811293,0.301691,208.197575,0.034633,41.0,1.058748,0.25892826450759526
1,0,2,12,8,5.2,0.4,13.0,0.504879,10.0,1.296205,0.5283007386046173
1,0,2,12,8,38.8,3.2,12.125,0.270657,80.0,7.494697,0.4197057400085078
1,0,2,12,8,160.0,0.0,999.0,0.0,8.0,6.826469,0.3492528972890902
1,0,2,12,8,304.0,0.0,999.0,0.0,16.0,10.220225,0.30108142201259636
1,0,2,3840,1922,37.630567,2.945236,12.776758,0.264052,3.003855,0.184584,0.606487761671908
1,0,2,128,66,131.70483,39.673822,3.319691,0.427122,10.0,7.065505,0.5237835510271178
1,0,2,128,66,150.433501,38.937026,3.863508,0.369302,2.5,4.13197,0.6416846036354333
1,0,2,12,8,49.0,4.0,12.25,0.248692,32.0,7.573007,0.3937536087900573
1,0,2,12,8,264.0,64.0,4.125,0.293089,16.0,15.439256,0.40331044161157087
1,0,2,12,8,13.0,1.0,13.0,0.371998,8.0,2.252474,0.5082830802384573
1,0,2,12,8,7.0,0.0,999.0,0.0,4.0,1.379517,0.4919110409059687
1,0,2,12,8,40.0,-4.0,999.0,0.0,8.0,3.413235,0.3753997725300123
1,0,2,12,8,28.0,4.0,7.0,0.435211,4.0,2.759034,0.6407507144930182
1,0,2,12,8,38.8,1.6,24.25,0.170503,80.0,7.494697,0.36043356841328333
1,0,2,12,8,2112.0,512.0,4.125,0.146545,64.0,26.473627,0.3501694830827816
1,0,2,12,8,76.0,16.0,4.75,0.404033,16.0,5.110112,0.45450628224856987
1,1,4,76,42,77.947248,41.744269,1.867256,0.746588,3.5625,3.623913,0.7656061837368883
1,1,4,24,16,1232.5,1026.0,1.201267,0.399143,21.125,12.150132,0.4557763499389723
1,1,4,24,16,390.8,259.2,1.507716,0.50306,1.21875,8.983975,0.7403670481990757
1,1,4,256,132,549.97848,424.516541,1.295541,0.49667,14.0,2.708359,0.48730116093665105
1,1,4,24,16,2305.6,2048.1,1.125726,0.338273,25.125,13.747559,0.43763497621869396
1,1,4,24,16,308.0,160.0,1.925,0.46275,5.5,7.393153,0.6261984710584437
1,1,4,140,74,167.381151,34.809301,4.808518,0.308017,43.833333,3.895391,0.4148570216927082
1,1,4,24,16,193.6,28.8,6.722222,0.234697,19.5,9.723199,0.3917166922797174
1,1,4,24,16,50.8,16.2,3.135802,0.609486,1.75,2.208716,0.8074237676823977
1,1,4,24,16,69.7,8.4,8.297619,0.286706,102.0,7.910043,0.4464890983594053
1,1,4,24,16,1418.0,2048.8,0.692112,0.550141,11.0,11.559247,0.5042451779147247
1,1,4,24,16,662.0,1028.0,0.643969,0.744083,3.375,7.480867,0.7745415978377623
1,1,4,76,42,180.539821,53.624086,3.366767,0.380906,4.275,3.591798,0.6045963173307444
1,1,4,140,74,354.090124,499.591224,0.70876,0.859898,2.0125,4.673108,0.8845024343699003
1,1,4,140,74,192.376084,128.015607,1.502755,0.638521,1.3875,0.796567,0.7897428469799455
1,1,4,24,16,283.0,64.2,4.4081,0.273981,54.0,5.606778,0.41318766368457915
1,1,4,140,74,300.89544,253.715612,1.185956,0.64412,6.0625,7.169558,0.7110399277742827
1,1,4,24,16,167.6,33.6,4.988095,0.300448,30.0,6.278662,0.4200223141664452
1,1,4,1292,650,1251.529273,4152.780817,0.301371,0.998318,1.625,1.498584,0.944296130420573
1,1,4,24,16,406.48,256.32,1.58583,0.480065,25.05,9.881747,0.4998322647022472
1,1,6,88,50,1293.947248,1065.744269,1.214125,0.389945,27.5625,5.917077,0.447154572515303
1,1,6,36,24,407.3,261.2,1.559342,0.48516,3.453125,7.275921,0.6986233793632075
1,1,6,268,140,2853.97848,2472.516541,1.154281,0.309832,7.875,3.787983,0.4893122775014872
1,1,6,36,24,309.6,160.1,1.933791,0.460551,8.0625,5.153819,0.5777559543246009
1,1,6,152,82,308.981151,47.609301,6.489933,0.205595,185.0,4.767448,0.37342638519974125
1,1,6,36,24,102.8,32.2,3.192547,0.476133,3.375,2.974127,0.6739086731701572
0,1,0,64,66,1.568274,0.0,999.0,0.0,2.0,0.301388,0.2586726826455981
0,1,0,64,66,3.136548,0.0,999.0,0.0,1.0,0.550207,0.28613610883775026
0,1,0,64,66,6.273097,0.0,999.0,0.0,2.0,1.049609,0.2685985351650719
0,1,0,64,66,15.682742,0.0,999.0,0.0,5.0,2.549249,0.1635297716313408
0,1,0,64,66,31.365485,0.0,999.0,0.0,10.0,5.049129,0.07150001488236604
0,1,0,64,66,62.73097,0.0,999.0,0.0,20.0,10.049069,0.04238038644137724
0,1,0,64,66,3.136548,0.0,999.0,0.0,4.0,0.357281,0.23685016647917745
0,1,0,64,66,6.273097,0.0,999.0,0.0,2.0,0.602776,0.28134471107535236
0,1,0,64,66,12.546194,0.0,999.0,0.0,1.0,1.100413,0.28938543853351056
0,1,0,64,66,31.365485,0.0,999.0,0.0,2.5,2.598978,0.25562173860861137
0,1,0,64,66,62.73097,0.0,999.0,0.0,5.0,5.098497,0.19648072942218653
0,1,0,64,66,125.46194,0.0,999.0,0.0,10.0,10.098257,0.09728934831713772
0,1,0,64,66,6.273097,0.0,999.0,0.0,8.0,0.479881,0.11266542979315335
0,1,0,64,66,12.546194,0.0,999.0,0.0,4.0,0.714562,0.21420359002574016
0,1,0,64,66,25.092388,0.0,999.0,0.0,2.0,1.205551,0.2580712377257427
0,1,0,64,66,62.73097,0.0,999.0,0.0,1.25,2.699871,0.27151940780845724
0,1,0,64,66,125.46194,0.0,999.0,0.0,2.5,5.197955,0.26710505435438237
0,1,0,64,66,250.923879,0.0,999.0,0.0,5.0,10.196995,0.20304354996609814
0,1,0,64,66,12.546194,0.0,999.0,0.0,16.0,0.749565,0.06924142779253027
0,1,0,64,66,25.092388,0.0,999.0,0.0,8.0,0.959763,0.1406211351159039
0,1,0,64,66,50.184776,0.0,999.0,0.0,4.0,1.429125,0.2609567507179771
0,1,0,64,66,125.46194,0.0,999.0,0.0,1.6,2.907347,0.28389190848688356
0,1,0,64,66,250.923879,0.0,999.0,0.0,1.25,5.399743,0.2898420565430569
0,1,0,64,66,501.847758,0.0,999.0,0.0,2.5,10.39591,0.24299660482299956
0,1,0,64,66,25.092388,0.0,999.0,0.0,32.0,1.32065,0.06044867251214488
0,1,0,64,66,50.184776,0.0,999.0,0.0,16.0,1.499129,0.05177801362169507
0,1,0,64,66,100.369552,0.0,999.0,0.0,8.0,1.919525,0.13476899457516023
0,1,0,64,66,250.923879,0.0,999.0,0.0,3.2,3.344182,0.227913136711424
0,1,0,64,66,501.847758,0.0,999.0,0.0,1.6,5.814694,0.29027406283540047
0,1,0,64,66,1003.695517,0.0,999.0,0.0,1.25,10.799485,0.2968279942693091
0,1,1,152,162,1.459685,0.0,999.0,0.0,2.0,0.149273,0.27708552559840527
0,1,1,152,162,5.83874,0.0,999.0,0.0,2.0,0.298546,0.26475101137714213
0,1,1,152,162,23.354959,0.0,999.0,0.0,2.0,0.597092,0.29283986972830095
0,1,1,152,162,145.968493,0.0,999.0,0.0,2.0,1.492729,0.30575461368467016
0,1,1,152,162,583.87397,0.0,999.0,0.0,2.0,2.985458,0.2583448396055357
0,1,1,624,642,1.521816,0.0,999.0,0.0,2.0,0.07526,0.28580665969389435
0,1,1,624,642,6.087264,0.0,999.0,0.0,2.0,0.15052,0.23183224772989414
0,1,1,624,642,24.349056,0.0,999.0,0.0,2.0,0.301041,0.2850291492422368
0,1,1,624,642,152.181597,0.0,999.0,0.0,2.0,0.752602,0.24694768075187365
0,1,1,624,642,608.726388,0.0,999.0,0.0,2.0,1.505204,0.26712548978151107
1,1,0,2048,1024,3.925706,0.194868,20.145421,0.414057,11.0,0.13755,0.4459276269732942
1,1,0,2048,1024,11.777117,1.753816,6.71514,0.597174,4.333333,0.153278,0.7023021903539105
1,1,0,2048,1024,19.628529,4.87171,4.029084,0.708028,3.0,0.17185,0.7957932463903561
1,1,0,2048,1024,31.405647,12.471577,2.518178,0.828115,2.25,0.204839,0.8221362948433105
1,1,0,2048,1024,7.851412,0.389737,20.145421,0.328638,21.0,0.268076,0.4260628644115473
1,1,0,2048,1024,23.554235,3.507631,6.71514,0.473978,7.666667,0.282454,0.5652238052464401
1,1,0,2048,1024,39.257058,9.74342,4.029084,0.561962,5.0,0.298175,0.698500720506848
1,1,0,2048,1024,62.811293,24.943155,2.518178,0.657275,3.5,0.324398,0.7568865346263178
1,1,0,2048,1024,94.21694,56.122098,1.678785,0.752392,2.666667,0.364431,0.7916320349470833
1,1,0,2048,1024,11.777117,0.584605,20.145421,0.287091,31.0,0.398711,0.4077671565066275
1,1,0,2048,1024,35.331352,5.261447,6.71514,0.414057,11.0,0.41265,0.48896456047539094
1,1,0,2048,1024,58.885587,14.61513,4.029084,0.490919,7.0,0.427469,0.607083255998875
1,1,0,2048,1024,94.21694,37.414732,2.518178,0.574183,4.75,0.451394,0.6721496424480855
1,1,0,2048,1024,141.325409,84.183147,1.678785,0.657275,3.5,0.486597,0.7464040614328171
1,1,0,2048,1024,235.542349,233.842076,1.007271,0.779286,2.5,0.56849,0.8206877773614417
1,1,0,2048,1024,15.702823,0.779474,20.145421,0.26084,41.0,0.529374,0.3962662211629076
1,1,0,2048,1024,47.10847,7.015262,6.71514,0.376196,14.333333,0.543094,0.42482529681160025
1,1,0,2048,1024,78.514116,19.48684,4.029084,0.44603,9.0,0.55747,0.5182476392629297
1,1,0,2048,1024,125.622586,49.88631,2.518178,0.52168,6.0,0.580286,0.65450988972847
1,1,0,2048,1024,188.433879,112.244197,1.678785,0.597174,4.333333,0.613113,0.6998191954722338
1,1,0,2048,1024,314.056466,311.789435,1.007271,0.708028,3.0,0.6874,0.7816625364579249
1,1,0,2048,1024,23.554235,1.16921,20.145421,0.227865,61.0,0.790726,0.39325373245387124
1,1,0,2048,1024,70.662705,10.522893,6.71514,0.328638,21.0,0.804229,0.46472718067496366
1,1,0,2048,1024,117.771175,29.23026,4.029084,0.389643,13.0,0.818167,0.45599032886503643
1,1,0,2048,1024,188.433879,74.829464,2.518178,0.455729,8.5,0.839896,0.561200875805888
1,1,0,2048,1024,282.650819,168.366295,1.678785,0.52168,6.0,0.870429,0.6246991975597214
1,1,0,2048,1024,471.084698,467.684152,1.007271,0.61852,4.0,0.937027,0.7185169059074379
1,1,0,2048,1024,31.405647,1.558947,20.145421,0.207029,81.0,1.052091,0.3829997892964583
1,1,0,2048,1024,94.21694,14.030525,6.71514,0.298587,27.666667,1.065486,0.4078228539280016
1,1,0,2048,1024,157.028233,38.973679,4.029084,0.354014,17.0,1.079206,0.43854990374837505
1,1,0,2048,1024,251.245172,99.772619,2.518178,0.414057,11.0,1.1004,0.478943760936807
1,1,0,2048,1024,376.867759,224.488393,1.678785,0.473978,7.666667,1.129815,0.5609188683623026
1,1,0,2048,1024,628.112931,623.57887,1.007271,0.561962,5.0,1.192698,0.6747863257132243
1,1,0,2048,1024,47.10847,2.338421,20.145421,0.180856,121.0,1.574836,0.38297351057612805
1,1,0,2048,1024,141.325409,21.045787,6.71514,0.26084,41.0,1.588122,0.39196895933805354
1,1,0,2048,1024,235.542349,58.460519,4.029084,0.30926,25.0,1.601624,0.44013515429671196
1,1,0,2048,1024,376.867759,149.658929,2.518178,0.361713,16.0,1.622286,0.445778266798248
1,1,0,2048,1024,565.301638,336.73259,1.678785,0.414057,11.0,1.650599,0.4631461584495186
1,1,0,2048,1024,942.169397,935.368305,1.007271,0.490919,7.0,1.709875,0.5662455591602613
